[
  {
    "name": "Application Start",
    "start": 1564070696240,
    "end": 1564070696810,
    "duration": 570,
    "pid": 27046,
    "index": 0
  },
  {
    "name": "Load Plugin",
    "start": 1564070696243,
    "end": 1564070696253,
    "duration": 10,
    "pid": 27046,
    "index": 1
  },
  {
    "name": "Load Config",
    "start": 1564070696253,
    "end": 1564070696261,
    "duration": 8,
    "pid": 27046,
    "index": 2
  },
  {
    "name": "Require(0) config/config.default.js",
    "start": 1564070696254,
    "end": 1564070696254,
    "duration": 0,
    "pid": 27046,
    "index": 3
  },
  {
    "name": "Require(1) node_modules/_egg-session@2.2.0@egg-session/config/config.default.js",
    "start": 1564070696255,
    "end": 1564070696255,
    "duration": 0,
    "pid": 27046,
    "index": 4
  },
  {
    "name": "Require(2) node_modules/_egg-security@1.13.2@egg-security/config/config.default.js",
    "start": 1564070696255,
    "end": 1564070696255,
    "duration": 0,
    "pid": 27046,
    "index": 5
  },
  {
    "name": "Require(3) node_modules/_egg-jsonp@1.2.2@egg-jsonp/config/config.default.js",
    "start": 1564070696256,
    "end": 1564070696256,
    "duration": 0,
    "pid": 27046,
    "index": 6
  },
  {
    "name": "Require(4) node_modules/_egg-onerror@1.6.0@egg-onerror/config/config.default.js",
    "start": 1564070696256,
    "end": 1564070696256,
    "duration": 0,
    "pid": 27046,
    "index": 7
  },
  {
    "name": "Require(5) node_modules/_egg-i18n@1.2.0@egg-i18n/config/config.default.js",
    "start": 1564070696256,
    "end": 1564070696256,
    "duration": 0,
    "pid": 27046,
    "index": 8
  },
  {
    "name": "Require(6) node_modules/_egg-watcher@2.2.0@egg-watcher/config/config.default.js",
    "start": 1564070696257,
    "end": 1564070696257,
    "duration": 0,
    "pid": 27046,
    "index": 9
  },
  {
    "name": "Require(7) node_modules/_egg-multipart@1.5.1@egg-multipart/config/config.default.js",
    "start": 1564070696257,
    "end": 1564070696257,
    "duration": 0,
    "pid": 27046,
    "index": 10
  },
  {
    "name": "Require(8) node_modules/_egg-development@1.4.2@egg-development/config/config.default.js",
    "start": 1564070696257,
    "end": 1564070696257,
    "duration": 0,
    "pid": 27046,
    "index": 11
  },
  {
    "name": "Require(9) node_modules/_egg-logrotator@2.3.3@egg-logrotator/config/config.default.js",
    "start": 1564070696257,
    "end": 1564070696258,
    "duration": 1,
    "pid": 27046,
    "index": 12
  },
  {
    "name": "Require(10) node_modules/_egg-static@1.5.1@egg-static/config/config.default.js",
    "start": 1564070696258,
    "end": 1564070696258,
    "duration": 0,
    "pid": 27046,
    "index": 13
  },
  {
    "name": "Require(11) node_modules/_egg-view@1.2.0@egg-view/config/config.default.js",
    "start": 1564070696258,
    "end": 1564070696258,
    "duration": 0,
    "pid": 27046,
    "index": 14
  },
  {
    "name": "Require(12) node_modules/_egg-mysql@3.0.0@egg-mysql/config/config.default.js",
    "start": 1564070696258,
    "end": 1564070696258,
    "duration": 0,
    "pid": 27046,
    "index": 15
  },
  {
    "name": "Require(13) node_modules/_egg-cors@2.2.0@egg-cors/config/config.default.js",
    "start": 1564070696258,
    "end": 1564070696259,
    "duration": 1,
    "pid": 27046,
    "index": 16
  },
  {
    "name": "Require(14) node_modules/_egg@1.19.0@egg/config/config.default.js",
    "start": 1564070696259,
    "end": 1564070696259,
    "duration": 0,
    "pid": 27046,
    "index": 17
  },
  {
    "name": "Require(15) config/config.default.js",
    "start": 1564070696260,
    "end": 1564070696260,
    "duration": 0,
    "pid": 27046,
    "index": 18
  },
  {
    "name": "Require(16) node_modules/_egg-security@1.13.2@egg-security/config/config.local.js",
    "start": 1564070696260,
    "end": 1564070696260,
    "duration": 0,
    "pid": 27046,
    "index": 19
  },
  {
    "name": "Require(17) node_modules/_egg-watcher@2.2.0@egg-watcher/config/config.local.js",
    "start": 1564070696260,
    "end": 1564070696260,
    "duration": 0,
    "pid": 27046,
    "index": 20
  },
  {
    "name": "Require(18) node_modules/_egg-view@1.2.0@egg-view/config/config.local.js",
    "start": 1564070696260,
    "end": 1564070696261,
    "duration": 1,
    "pid": 27046,
    "index": 21
  },
  {
    "name": "Require(19) node_modules/_egg@1.19.0@egg/config/config.local.js",
    "start": 1564070696261,
    "end": 1564070696261,
    "duration": 0,
    "pid": 27046,
    "index": 22
  },
  {
    "name": "Load extend/application.js",
    "start": 1564070696262,
    "end": 1564070696268,
    "duration": 6,
    "pid": 27046,
    "index": 23
  },
  {
    "name": "Require(20) node_modules/_egg-session@2.2.0@egg-session/app/extend/application.js",
    "start": 1564070696263,
    "end": 1564070696263,
    "duration": 0,
    "pid": 27046,
    "index": 24
  },
  {
    "name": "Require(21) node_modules/_egg-security@1.13.2@egg-security/app/extend/application.js",
    "start": 1564070696263,
    "end": 1564070696264,
    "duration": 1,
    "pid": 27046,
    "index": 25
  },
  {
    "name": "Require(22) node_modules/_egg-jsonp@1.2.2@egg-jsonp/app/extend/application.js",
    "start": 1564070696264,
    "end": 1564070696265,
    "duration": 1,
    "pid": 27046,
    "index": 26
  },
  {
    "name": "Require(23) node_modules/_egg-logrotator@2.3.3@egg-logrotator/app/extend/application.js",
    "start": 1564070696265,
    "end": 1564070696267,
    "duration": 2,
    "pid": 27046,
    "index": 27
  },
  {
    "name": "Require(24) node_modules/_egg-view@1.2.0@egg-view/app/extend/application.js",
    "start": 1564070696267,
    "end": 1564070696267,
    "duration": 0,
    "pid": 27046,
    "index": 28
  },
  {
    "name": "Load extend/request.js",
    "start": 1564070696268,
    "end": 1564070696269,
    "duration": 1,
    "pid": 27046,
    "index": 29
  },
  {
    "name": "Require(25) node_modules/_egg@1.19.0@egg/app/extend/request.js",
    "start": 1564070696268,
    "end": 1564070696269,
    "duration": 1,
    "pid": 27046,
    "index": 30
  },
  {
    "name": "Load extend/response.js",
    "start": 1564070696269,
    "end": 1564070696271,
    "duration": 2,
    "pid": 27046,
    "index": 31
  },
  {
    "name": "Require(26) node_modules/_egg@1.19.0@egg/app/extend/response.js",
    "start": 1564070696270,
    "end": 1564070696270,
    "duration": 0,
    "pid": 27046,
    "index": 32
  },
  {
    "name": "Load extend/context.js",
    "start": 1564070696271,
    "end": 1564070696316,
    "duration": 45,
    "pid": 27046,
    "index": 33
  },
  {
    "name": "Require(27) node_modules/_egg-security@1.13.2@egg-security/app/extend/context.js",
    "start": 1564070696271,
    "end": 1564070696274,
    "duration": 3,
    "pid": 27046,
    "index": 34
  },
  {
    "name": "Require(28) node_modules/_egg-jsonp@1.2.2@egg-jsonp/app/extend/context.js",
    "start": 1564070696275,
    "end": 1564070696275,
    "duration": 0,
    "pid": 27046,
    "index": 35
  },
  {
    "name": "Require(29) node_modules/_egg-i18n@1.2.0@egg-i18n/app/extend/context.js",
    "start": 1564070696275,
    "end": 1564070696275,
    "duration": 0,
    "pid": 27046,
    "index": 36
  },
  {
    "name": "Require(30) node_modules/_egg-multipart@1.5.1@egg-multipart/app/extend/context.js",
    "start": 1564070696275,
    "end": 1564070696311,
    "duration": 36,
    "pid": 27046,
    "index": 37
  },
  {
    "name": "Require(31) node_modules/_egg-view@1.2.0@egg-view/app/extend/context.js",
    "start": 1564070696312,
    "end": 1564070696313,
    "duration": 1,
    "pid": 27046,
    "index": 38
  },
  {
    "name": "Require(32) node_modules/_egg-validate@1.1.1@egg-validate/app/extend/context.js",
    "start": 1564070696313,
    "end": 1564070696313,
    "duration": 0,
    "pid": 27046,
    "index": 39
  },
  {
    "name": "Require(33) node_modules/_egg@1.19.0@egg/app/extend/context.js",
    "start": 1564070696314,
    "end": 1564070696315,
    "duration": 1,
    "pid": 27046,
    "index": 40
  },
  {
    "name": "Load extend/helper.js",
    "start": 1564070696317,
    "end": 1564070696332,
    "duration": 15,
    "pid": 27046,
    "index": 41
  },
  {
    "name": "Require(34) node_modules/_egg-security@1.13.2@egg-security/app/extend/helper.js",
    "start": 1564070696318,
    "end": 1564070696331,
    "duration": 13,
    "pid": 27046,
    "index": 42
  },
  {
    "name": "Require(35) node_modules/_egg@1.19.0@egg/app/extend/helper.js",
    "start": 1564070696331,
    "end": 1564070696331,
    "duration": 0,
    "pid": 27046,
    "index": 43
  },
  {
    "name": "Load app.js",
    "start": 1564070696332,
    "end": 1564070696452,
    "duration": 120,
    "pid": 27046,
    "index": 44
  },
  {
    "name": "Require(36) node_modules/_egg-session@2.2.0@egg-session/app.js",
    "start": 1564070696333,
    "end": 1564070696333,
    "duration": 0,
    "pid": 27046,
    "index": 45
  },
  {
    "name": "Require(37) node_modules/_egg-security@1.13.2@egg-security/app.js",
    "start": 1564070696333,
    "end": 1564070696334,
    "duration": 1,
    "pid": 27046,
    "index": 46
  },
  {
    "name": "Require(38) node_modules/_egg-onerror@1.6.0@egg-onerror/app.js",
    "start": 1564070696336,
    "end": 1564070696341,
    "duration": 5,
    "pid": 27046,
    "index": 47
  },
  {
    "name": "Require(39) node_modules/_egg-i18n@1.2.0@egg-i18n/app.js",
    "start": 1564070696341,
    "end": 1564070696344,
    "duration": 3,
    "pid": 27046,
    "index": 48
  },
  {
    "name": "Require(40) node_modules/_egg-watcher@2.2.0@egg-watcher/app.js",
    "start": 1564070696346,
    "end": 1564070696348,
    "duration": 2,
    "pid": 27046,
    "index": 49
  },
  {
    "name": "Before Start in node_modules/_egg-watcher@2.2.0@egg-watcher/app.js:15:7",
    "start": 1564070696360,
    "end": 1564070696773,
    "duration": 413,
    "pid": 27046,
    "index": 50
  },
  {
    "name": "Require(41) node_modules/_egg-multipart@1.5.1@egg-multipart/app.js",
    "start": 1564070696362,
    "end": 1564070696363,
    "duration": 1,
    "pid": 27046,
    "index": 51
  },
  {
    "name": "Require(42) node_modules/_egg-development@1.4.2@egg-development/app.js",
    "start": 1564070696364,
    "end": 1564070696365,
    "duration": 1,
    "pid": 27046,
    "index": 52
  },
  {
    "name": "Before Start in node_modules/_egg-development@1.4.2@egg-development/app.js:12:7",
    "start": 1564070696365,
    "end": 1564070696773,
    "duration": 408,
    "pid": 27046,
    "index": 53
  },
  {
    "name": "Require(43) node_modules/_egg-schedule@2.6.0@egg-schedule/app.js",
    "start": 1564070696365,
    "end": 1564070696366,
    "duration": 1,
    "pid": 27046,
    "index": 54
  },
  {
    "name": "Require(44) node_modules/_egg-logrotator@2.3.3@egg-logrotator/app.js",
    "start": 1564070696412,
    "end": 1564070696412,
    "duration": 0,
    "pid": 27046,
    "index": 55
  },
  {
    "name": "Require(45) node_modules/_egg-static@1.5.1@egg-static/app.js",
    "start": 1564070696412,
    "end": 1564070696413,
    "duration": 1,
    "pid": 27046,
    "index": 56
  },
  {
    "name": "Require(46) node_modules/_egg-validate@1.1.1@egg-validate/app.js",
    "start": 1564070696413,
    "end": 1564070696414,
    "duration": 1,
    "pid": 27046,
    "index": 57
  },
  {
    "name": "Require(47) node_modules/_egg-mysql@3.0.0@egg-mysql/app.js",
    "start": 1564070696414,
    "end": 1564070696420,
    "duration": 6,
    "pid": 27046,
    "index": 58
  },
  {
    "name": "Before Start in node_modules/_egg-mysql@3.0.0@egg-mysql/lib/mysql.js:20:7",
    "start": 1564070696452,
    "end": 1564070696810,
    "duration": 358,
    "pid": 27046,
    "index": 59
  },
  {
    "name": "Require(48) node_modules/_egg-cors@2.2.0@egg-cors/app.js",
    "start": 1564070696452,
    "end": 1564070696452,
    "duration": 0,
    "pid": 27046,
    "index": 60
  },
  {
    "name": "Load Service",
    "start": 1564070696452,
    "end": 1564070696456,
    "duration": 4,
    "pid": 27046,
    "index": 61
  },
  {
    "name": "Load \"service\" to Context",
    "start": 1564070696452,
    "end": 1564070696456,
    "duration": 4,
    "pid": 27046,
    "index": 62
  },
  {
    "name": "Load Middleware",
    "start": 1564070696457,
    "end": 1564070696491,
    "duration": 34,
    "pid": 27046,
    "index": 63
  },
  {
    "name": "Load \"middlewares\" to Application",
    "start": 1564070696457,
    "end": 1564070696486,
    "duration": 29,
    "pid": 27046,
    "index": 64
  },
  {
    "name": "Load Controller",
    "start": 1564070696491,
    "end": 1564070696748,
    "duration": 257,
    "pid": 27046,
    "index": 65
  },
  {
    "name": "Load \"controller\" to Application",
    "start": 1564070696491,
    "end": 1564070696748,
    "duration": 257,
    "pid": 27046,
    "index": 66
  },
  {
    "name": "Load Router",
    "start": 1564070696749,
    "end": 1564070696751,
    "duration": 2,
    "pid": 27046,
    "index": 67
  },
  {
    "name": "Require(49) app/router.js",
    "start": 1564070696749,
    "end": 1564070696749,
    "duration": 0,
    "pid": 27046,
    "index": 68
  },
  {
    "name": "Before Start in node_modules/_egg-core@3.21.4@egg-core/lib/egg.js:330:10",
    "start": 1564070696749,
    "end": 1564070696760,
    "duration": 11,
    "pid": 27046,
    "index": 69
  }
]