[
  {
    "name": "Application Start",
    "start": 1564070599926,
    "end": 1564070600676,
    "duration": 750,
    "pid": 26853,
    "index": 0
  },
  {
    "name": "Load Plugin",
    "start": 1564070599930,
    "end": 1564070599948,
    "duration": 18,
    "pid": 26853,
    "index": 1
  },
  {
    "name": "Load Config",
    "start": 1564070599949,
    "end": 1564070599971,
    "duration": 22,
    "pid": 26853,
    "index": 2
  },
  {
    "name": "Require(0) config/config.default.js",
    "start": 1564070599949,
    "end": 1564070599950,
    "duration": 1,
    "pid": 26853,
    "index": 3
  },
  {
    "name": "Require(1) node_modules/_egg-session@2.2.0@egg-session/config/config.default.js",
    "start": 1564070599951,
    "end": 1564070599952,
    "duration": 1,
    "pid": 26853,
    "index": 4
  },
  {
    "name": "Require(2) node_modules/_egg-security@1.13.2@egg-security/config/config.default.js",
    "start": 1564070599952,
    "end": 1564070599953,
    "duration": 1,
    "pid": 26853,
    "index": 5
  },
  {
    "name": "Require(3) node_modules/_egg-jsonp@1.2.2@egg-jsonp/config/config.default.js",
    "start": 1564070599953,
    "end": 1564070599954,
    "duration": 1,
    "pid": 26853,
    "index": 6
  },
  {
    "name": "Require(4) node_modules/_egg-onerror@1.6.0@egg-onerror/config/config.default.js",
    "start": 1564070599955,
    "end": 1564070599955,
    "duration": 0,
    "pid": 26853,
    "index": 7
  },
  {
    "name": "Require(5) node_modules/_egg-i18n@1.2.0@egg-i18n/config/config.default.js",
    "start": 1564070599956,
    "end": 1564070599956,
    "duration": 0,
    "pid": 26853,
    "index": 8
  },
  {
    "name": "Require(6) node_modules/_egg-watcher@2.2.0@egg-watcher/config/config.default.js",
    "start": 1564070599956,
    "end": 1564070599957,
    "duration": 1,
    "pid": 26853,
    "index": 9
  },
  {
    "name": "Require(7) node_modules/_egg-multipart@1.5.1@egg-multipart/config/config.default.js",
    "start": 1564070599958,
    "end": 1564070599958,
    "duration": 0,
    "pid": 26853,
    "index": 10
  },
  {
    "name": "Require(8) node_modules/_egg-development@1.4.2@egg-development/config/config.default.js",
    "start": 1564070599958,
    "end": 1564070599959,
    "duration": 1,
    "pid": 26853,
    "index": 11
  },
  {
    "name": "Require(9) node_modules/_egg-logrotator@2.3.3@egg-logrotator/config/config.default.js",
    "start": 1564070599959,
    "end": 1564070599960,
    "duration": 1,
    "pid": 26853,
    "index": 12
  },
  {
    "name": "Require(10) node_modules/_egg-static@1.5.1@egg-static/config/config.default.js",
    "start": 1564070599960,
    "end": 1564070599961,
    "duration": 1,
    "pid": 26853,
    "index": 13
  },
  {
    "name": "Require(11) node_modules/_egg-view@1.2.0@egg-view/config/config.default.js",
    "start": 1564070599962,
    "end": 1564070599962,
    "duration": 0,
    "pid": 26853,
    "index": 14
  },
  {
    "name": "Require(12) node_modules/_egg-mysql@3.0.0@egg-mysql/config/config.default.js",
    "start": 1564070599963,
    "end": 1564070599963,
    "duration": 0,
    "pid": 26853,
    "index": 15
  },
  {
    "name": "Require(13) node_modules/_egg-cors@2.2.0@egg-cors/config/config.default.js",
    "start": 1564070599963,
    "end": 1564070599964,
    "duration": 1,
    "pid": 26853,
    "index": 16
  },
  {
    "name": "Require(14) node_modules/_egg@1.19.0@egg/config/config.default.js",
    "start": 1564070599964,
    "end": 1564070599965,
    "duration": 1,
    "pid": 26853,
    "index": 17
  },
  {
    "name": "Require(15) config/config.default.js",
    "start": 1564070599967,
    "end": 1564070599967,
    "duration": 0,
    "pid": 26853,
    "index": 18
  },
  {
    "name": "Require(16) node_modules/_egg-security@1.13.2@egg-security/config/config.local.js",
    "start": 1564070599967,
    "end": 1564070599968,
    "duration": 1,
    "pid": 26853,
    "index": 19
  },
  {
    "name": "Require(17) node_modules/_egg-watcher@2.2.0@egg-watcher/config/config.local.js",
    "start": 1564070599968,
    "end": 1564070599969,
    "duration": 1,
    "pid": 26853,
    "index": 20
  },
  {
    "name": "Require(18) node_modules/_egg-view@1.2.0@egg-view/config/config.local.js",
    "start": 1564070599969,
    "end": 1564070599970,
    "duration": 1,
    "pid": 26853,
    "index": 21
  },
  {
    "name": "Require(19) node_modules/_egg@1.19.0@egg/config/config.local.js",
    "start": 1564070599970,
    "end": 1564070599971,
    "duration": 1,
    "pid": 26853,
    "index": 22
  },
  {
    "name": "Load extend/application.js",
    "start": 1564070599973,
    "end": 1564070599984,
    "duration": 11,
    "pid": 26853,
    "index": 23
  },
  {
    "name": "Require(20) node_modules/_egg-session@2.2.0@egg-session/app/extend/application.js",
    "start": 1564070599973,
    "end": 1564070599974,
    "duration": 1,
    "pid": 26853,
    "index": 24
  },
  {
    "name": "Require(21) node_modules/_egg-security@1.13.2@egg-security/app/extend/application.js",
    "start": 1564070599974,
    "end": 1564070599976,
    "duration": 2,
    "pid": 26853,
    "index": 25
  },
  {
    "name": "Require(22) node_modules/_egg-jsonp@1.2.2@egg-jsonp/app/extend/application.js",
    "start": 1564070599976,
    "end": 1564070599978,
    "duration": 2,
    "pid": 26853,
    "index": 26
  },
  {
    "name": "Require(23) node_modules/_egg-logrotator@2.3.3@egg-logrotator/app/extend/application.js",
    "start": 1564070599979,
    "end": 1564070599981,
    "duration": 2,
    "pid": 26853,
    "index": 27
  },
  {
    "name": "Require(24) node_modules/_egg-view@1.2.0@egg-view/app/extend/application.js",
    "start": 1564070599981,
    "end": 1564070599983,
    "duration": 2,
    "pid": 26853,
    "index": 28
  },
  {
    "name": "Load extend/request.js",
    "start": 1564070599984,
    "end": 1564070599988,
    "duration": 4,
    "pid": 26853,
    "index": 29
  },
  {
    "name": "Require(25) node_modules/_egg@1.19.0@egg/app/extend/request.js",
    "start": 1564070599985,
    "end": 1564070599987,
    "duration": 2,
    "pid": 26853,
    "index": 30
  },
  {
    "name": "Load extend/response.js",
    "start": 1564070599988,
    "end": 1564070599990,
    "duration": 2,
    "pid": 26853,
    "index": 31
  },
  {
    "name": "Require(26) node_modules/_egg@1.19.0@egg/app/extend/response.js",
    "start": 1564070599988,
    "end": 1564070599990,
    "duration": 2,
    "pid": 26853,
    "index": 32
  },
  {
    "name": "Load extend/context.js",
    "start": 1564070599990,
    "end": 1564070600052,
    "duration": 62,
    "pid": 26853,
    "index": 33
  },
  {
    "name": "Require(27) node_modules/_egg-security@1.13.2@egg-security/app/extend/context.js",
    "start": 1564070599991,
    "end": 1564070600002,
    "duration": 11,
    "pid": 26853,
    "index": 34
  },
  {
    "name": "Require(28) node_modules/_egg-jsonp@1.2.2@egg-jsonp/app/extend/context.js",
    "start": 1564070600002,
    "end": 1564070600004,
    "duration": 2,
    "pid": 26853,
    "index": 35
  },
  {
    "name": "Require(29) node_modules/_egg-i18n@1.2.0@egg-i18n/app/extend/context.js",
    "start": 1564070600005,
    "end": 1564070600006,
    "duration": 1,
    "pid": 26853,
    "index": 36
  },
  {
    "name": "Require(30) node_modules/_egg-multipart@1.5.1@egg-multipart/app/extend/context.js",
    "start": 1564070600006,
    "end": 1564070600046,
    "duration": 40,
    "pid": 26853,
    "index": 37
  },
  {
    "name": "Require(31) node_modules/_egg-view@1.2.0@egg-view/app/extend/context.js",
    "start": 1564070600047,
    "end": 1564070600049,
    "duration": 2,
    "pid": 26853,
    "index": 38
  },
  {
    "name": "Require(32) node_modules/_egg-validate@1.1.1@egg-validate/app/extend/context.js",
    "start": 1564070600049,
    "end": 1564070600050,
    "duration": 1,
    "pid": 26853,
    "index": 39
  },
  {
    "name": "Require(33) node_modules/_egg@1.19.0@egg/app/extend/context.js",
    "start": 1564070600050,
    "end": 1564070600052,
    "duration": 2,
    "pid": 26853,
    "index": 40
  },
  {
    "name": "Load extend/helper.js",
    "start": 1564070600052,
    "end": 1564070600077,
    "duration": 25,
    "pid": 26853,
    "index": 41
  },
  {
    "name": "Require(34) node_modules/_egg-security@1.13.2@egg-security/app/extend/helper.js",
    "start": 1564070600052,
    "end": 1564070600075,
    "duration": 23,
    "pid": 26853,
    "index": 42
  },
  {
    "name": "Require(35) node_modules/_egg@1.19.0@egg/app/extend/helper.js",
    "start": 1564070600076,
    "end": 1564070600077,
    "duration": 1,
    "pid": 26853,
    "index": 43
  },
  {
    "name": "Load app.js",
    "start": 1564070600077,
    "end": 1564070600261,
    "duration": 184,
    "pid": 26853,
    "index": 44
  },
  {
    "name": "Require(36) node_modules/_egg-session@2.2.0@egg-session/app.js",
    "start": 1564070600078,
    "end": 1564070600078,
    "duration": 0,
    "pid": 26853,
    "index": 45
  },
  {
    "name": "Require(37) node_modules/_egg-security@1.13.2@egg-security/app.js",
    "start": 1564070600079,
    "end": 1564070600081,
    "duration": 2,
    "pid": 26853,
    "index": 46
  },
  {
    "name": "Require(38) node_modules/_egg-onerror@1.6.0@egg-onerror/app.js",
    "start": 1564070600083,
    "end": 1564070600096,
    "duration": 13,
    "pid": 26853,
    "index": 47
  },
  {
    "name": "Require(39) node_modules/_egg-i18n@1.2.0@egg-i18n/app.js",
    "start": 1564070600096,
    "end": 1564070600105,
    "duration": 9,
    "pid": 26853,
    "index": 48
  },
  {
    "name": "Require(40) node_modules/_egg-watcher@2.2.0@egg-watcher/app.js",
    "start": 1564070600108,
    "end": 1564070600112,
    "duration": 4,
    "pid": 26853,
    "index": 49
  },
  {
    "name": "Before Start in node_modules/_egg-watcher@2.2.0@egg-watcher/app.js:15:7",
    "start": 1564070600121,
    "end": 1564070600639,
    "duration": 518,
    "pid": 26853,
    "index": 50
  },
  {
    "name": "Require(41) node_modules/_egg-multipart@1.5.1@egg-multipart/app.js",
    "start": 1564070600123,
    "end": 1564070600126,
    "duration": 3,
    "pid": 26853,
    "index": 51
  },
  {
    "name": "Require(42) node_modules/_egg-development@1.4.2@egg-development/app.js",
    "start": 1564070600126,
    "end": 1564070600127,
    "duration": 1,
    "pid": 26853,
    "index": 52
  },
  {
    "name": "Before Start in node_modules/_egg-development@1.4.2@egg-development/app.js:12:7",
    "start": 1564070600127,
    "end": 1564070600636,
    "duration": 509,
    "pid": 26853,
    "index": 53
  },
  {
    "name": "Require(43) node_modules/_egg-schedule@2.6.0@egg-schedule/app.js",
    "start": 1564070600128,
    "end": 1564070600129,
    "duration": 1,
    "pid": 26853,
    "index": 54
  },
  {
    "name": "Require(44) node_modules/_egg-logrotator@2.3.3@egg-logrotator/app.js",
    "start": 1564070600160,
    "end": 1564070600160,
    "duration": 0,
    "pid": 26853,
    "index": 55
  },
  {
    "name": "Require(45) node_modules/_egg-static@1.5.1@egg-static/app.js",
    "start": 1564070600161,
    "end": 1564070600161,
    "duration": 0,
    "pid": 26853,
    "index": 56
  },
  {
    "name": "Require(46) node_modules/_egg-validate@1.1.1@egg-validate/app.js",
    "start": 1564070600162,
    "end": 1564070600164,
    "duration": 2,
    "pid": 26853,
    "index": 57
  },
  {
    "name": "Require(47) node_modules/_egg-mysql@3.0.0@egg-mysql/app.js",
    "start": 1564070600165,
    "end": 1564070600182,
    "duration": 17,
    "pid": 26853,
    "index": 58
  },
  {
    "name": "Before Start in node_modules/_egg-mysql@3.0.0@egg-mysql/lib/mysql.js:20:7",
    "start": 1564070600260,
    "end": 1564070600676,
    "duration": 416,
    "pid": 26853,
    "index": 59
  },
  {
    "name": "Require(48) node_modules/_egg-cors@2.2.0@egg-cors/app.js",
    "start": 1564070600260,
    "end": 1564070600260,
    "duration": 0,
    "pid": 26853,
    "index": 60
  },
  {
    "name": "Load Service",
    "start": 1564070600261,
    "end": 1564070600263,
    "duration": 2,
    "pid": 26853,
    "index": 61
  },
  {
    "name": "Load \"service\" to Context",
    "start": 1564070600261,
    "end": 1564070600263,
    "duration": 2,
    "pid": 26853,
    "index": 62
  },
  {
    "name": "Load Middleware",
    "start": 1564070600264,
    "end": 1564070600332,
    "duration": 68,
    "pid": 26853,
    "index": 63
  },
  {
    "name": "Load \"middlewares\" to Application",
    "start": 1564070600264,
    "end": 1564070600323,
    "duration": 59,
    "pid": 26853,
    "index": 64
  },
  {
    "name": "Load Controller",
    "start": 1564070600332,
    "end": 1564070600617,
    "duration": 285,
    "pid": 26853,
    "index": 65
  },
  {
    "name": "Load \"controller\" to Application",
    "start": 1564070600332,
    "end": 1564070600617,
    "duration": 285,
    "pid": 26853,
    "index": 66
  },
  {
    "name": "Load Router",
    "start": 1564070600617,
    "end": 1564070600620,
    "duration": 3,
    "pid": 26853,
    "index": 67
  },
  {
    "name": "Require(49) app/router.js",
    "start": 1564070600617,
    "end": 1564070600618,
    "duration": 1,
    "pid": 26853,
    "index": 68
  },
  {
    "name": "Before Start in node_modules/_egg-core@3.21.4@egg-core/lib/egg.js:330:10",
    "start": 1564070600618,
    "end": 1564070600629,
    "duration": 11,
    "pid": 26853,
    "index": 69
  }
]