[
  {
    "name": "Application Start",
    "start": 1564070786127,
    "end": 1564070787040,
    "duration": 913,
    "pid": 27151,
    "index": 0
  },
  {
    "name": "Load Plugin",
    "start": 1564070786134,
    "end": 1564070786143,
    "duration": 9,
    "pid": 27151,
    "index": 1
  },
  {
    "name": "Load Config",
    "start": 1564070786144,
    "end": 1564070786152,
    "duration": 8,
    "pid": 27151,
    "index": 2
  },
  {
    "name": "Require(0) config/config.default.js",
    "start": 1564070786144,
    "end": 1564070786144,
    "duration": 0,
    "pid": 27151,
    "index": 3
  },
  {
    "name": "Require(1) node_modules/_egg-session@2.2.0@egg-session/config/config.default.js",
    "start": 1564070786146,
    "end": 1564070786146,
    "duration": 0,
    "pid": 27151,
    "index": 4
  },
  {
    "name": "Require(2) node_modules/_egg-security@1.13.2@egg-security/config/config.default.js",
    "start": 1564070786146,
    "end": 1564070786146,
    "duration": 0,
    "pid": 27151,
    "index": 5
  },
  {
    "name": "Require(3) node_modules/_egg-jsonp@1.2.2@egg-jsonp/config/config.default.js",
    "start": 1564070786146,
    "end": 1564070786147,
    "duration": 1,
    "pid": 27151,
    "index": 6
  },
  {
    "name": "Require(4) node_modules/_egg-onerror@1.6.0@egg-onerror/config/config.default.js",
    "start": 1564070786147,
    "end": 1564070786147,
    "duration": 0,
    "pid": 27151,
    "index": 7
  },
  {
    "name": "Require(5) node_modules/_egg-i18n@1.2.0@egg-i18n/config/config.default.js",
    "start": 1564070786147,
    "end": 1564070786147,
    "duration": 0,
    "pid": 27151,
    "index": 8
  },
  {
    "name": "Require(6) node_modules/_egg-watcher@2.2.0@egg-watcher/config/config.default.js",
    "start": 1564070786148,
    "end": 1564070786148,
    "duration": 0,
    "pid": 27151,
    "index": 9
  },
  {
    "name": "Require(7) node_modules/_egg-multipart@1.5.1@egg-multipart/config/config.default.js",
    "start": 1564070786148,
    "end": 1564070786148,
    "duration": 0,
    "pid": 27151,
    "index": 10
  },
  {
    "name": "Require(8) node_modules/_egg-development@1.4.2@egg-development/config/config.default.js",
    "start": 1564070786148,
    "end": 1564070786148,
    "duration": 0,
    "pid": 27151,
    "index": 11
  },
  {
    "name": "Require(9) node_modules/_egg-logrotator@2.3.3@egg-logrotator/config/config.default.js",
    "start": 1564070786148,
    "end": 1564070786149,
    "duration": 1,
    "pid": 27151,
    "index": 12
  },
  {
    "name": "Require(10) node_modules/_egg-static@1.5.1@egg-static/config/config.default.js",
    "start": 1564070786149,
    "end": 1564070786149,
    "duration": 0,
    "pid": 27151,
    "index": 13
  },
  {
    "name": "Require(11) node_modules/_egg-view@1.2.0@egg-view/config/config.default.js",
    "start": 1564070786149,
    "end": 1564070786149,
    "duration": 0,
    "pid": 27151,
    "index": 14
  },
  {
    "name": "Require(12) node_modules/_egg-mysql@3.0.0@egg-mysql/config/config.default.js",
    "start": 1564070786149,
    "end": 1564070786149,
    "duration": 0,
    "pid": 27151,
    "index": 15
  },
  {
    "name": "Require(13) node_modules/_egg-cors@2.2.0@egg-cors/config/config.default.js",
    "start": 1564070786149,
    "end": 1564070786150,
    "duration": 1,
    "pid": 27151,
    "index": 16
  },
  {
    "name": "Require(14) node_modules/_egg@1.19.0@egg/config/config.default.js",
    "start": 1564070786150,
    "end": 1564070786150,
    "duration": 0,
    "pid": 27151,
    "index": 17
  },
  {
    "name": "Require(15) config/config.default.js",
    "start": 1564070786151,
    "end": 1564070786151,
    "duration": 0,
    "pid": 27151,
    "index": 18
  },
  {
    "name": "Require(16) node_modules/_egg-security@1.13.2@egg-security/config/config.local.js",
    "start": 1564070786151,
    "end": 1564070786151,
    "duration": 0,
    "pid": 27151,
    "index": 19
  },
  {
    "name": "Require(17) node_modules/_egg-watcher@2.2.0@egg-watcher/config/config.local.js",
    "start": 1564070786151,
    "end": 1564070786151,
    "duration": 0,
    "pid": 27151,
    "index": 20
  },
  {
    "name": "Require(18) node_modules/_egg-view@1.2.0@egg-view/config/config.local.js",
    "start": 1564070786151,
    "end": 1564070786152,
    "duration": 1,
    "pid": 27151,
    "index": 21
  },
  {
    "name": "Require(19) node_modules/_egg@1.19.0@egg/config/config.local.js",
    "start": 1564070786152,
    "end": 1564070786152,
    "duration": 0,
    "pid": 27151,
    "index": 22
  },
  {
    "name": "Load extend/application.js",
    "start": 1564070786153,
    "end": 1564070786157,
    "duration": 4,
    "pid": 27151,
    "index": 23
  },
  {
    "name": "Require(20) node_modules/_egg-session@2.2.0@egg-session/app/extend/application.js",
    "start": 1564070786154,
    "end": 1564070786154,
    "duration": 0,
    "pid": 27151,
    "index": 24
  },
  {
    "name": "Require(21) node_modules/_egg-security@1.13.2@egg-security/app/extend/application.js",
    "start": 1564070786154,
    "end": 1564070786154,
    "duration": 0,
    "pid": 27151,
    "index": 25
  },
  {
    "name": "Require(22) node_modules/_egg-jsonp@1.2.2@egg-jsonp/app/extend/application.js",
    "start": 1564070786155,
    "end": 1564070786155,
    "duration": 0,
    "pid": 27151,
    "index": 26
  },
  {
    "name": "Require(23) node_modules/_egg-logrotator@2.3.3@egg-logrotator/app/extend/application.js",
    "start": 1564070786155,
    "end": 1564070786156,
    "duration": 1,
    "pid": 27151,
    "index": 27
  },
  {
    "name": "Require(24) node_modules/_egg-view@1.2.0@egg-view/app/extend/application.js",
    "start": 1564070786156,
    "end": 1564070786157,
    "duration": 1,
    "pid": 27151,
    "index": 28
  },
  {
    "name": "Load extend/request.js",
    "start": 1564070786157,
    "end": 1564070786158,
    "duration": 1,
    "pid": 27151,
    "index": 29
  },
  {
    "name": "Require(25) node_modules/_egg@1.19.0@egg/app/extend/request.js",
    "start": 1564070786157,
    "end": 1564070786158,
    "duration": 1,
    "pid": 27151,
    "index": 30
  },
  {
    "name": "Load extend/response.js",
    "start": 1564070786158,
    "end": 1564070786160,
    "duration": 2,
    "pid": 27151,
    "index": 31
  },
  {
    "name": "Require(26) node_modules/_egg@1.19.0@egg/app/extend/response.js",
    "start": 1564070786159,
    "end": 1564070786160,
    "duration": 1,
    "pid": 27151,
    "index": 32
  },
  {
    "name": "Load extend/context.js",
    "start": 1564070786160,
    "end": 1564070786218,
    "duration": 58,
    "pid": 27151,
    "index": 33
  },
  {
    "name": "Require(27) node_modules/_egg-security@1.13.2@egg-security/app/extend/context.js",
    "start": 1564070786160,
    "end": 1564070786170,
    "duration": 10,
    "pid": 27151,
    "index": 34
  },
  {
    "name": "Require(28) node_modules/_egg-jsonp@1.2.2@egg-jsonp/app/extend/context.js",
    "start": 1564070786170,
    "end": 1564070786172,
    "duration": 2,
    "pid": 27151,
    "index": 35
  },
  {
    "name": "Require(29) node_modules/_egg-i18n@1.2.0@egg-i18n/app/extend/context.js",
    "start": 1564070786173,
    "end": 1564070786173,
    "duration": 0,
    "pid": 27151,
    "index": 36
  },
  {
    "name": "Require(30) node_modules/_egg-multipart@1.5.1@egg-multipart/app/extend/context.js",
    "start": 1564070786174,
    "end": 1564070786212,
    "duration": 38,
    "pid": 27151,
    "index": 37
  },
  {
    "name": "Require(31) node_modules/_egg-view@1.2.0@egg-view/app/extend/context.js",
    "start": 1564070786212,
    "end": 1564070786214,
    "duration": 2,
    "pid": 27151,
    "index": 38
  },
  {
    "name": "Require(32) node_modules/_egg-validate@1.1.1@egg-validate/app/extend/context.js",
    "start": 1564070786215,
    "end": 1564070786215,
    "duration": 0,
    "pid": 27151,
    "index": 39
  },
  {
    "name": "Require(33) node_modules/_egg@1.19.0@egg/app/extend/context.js",
    "start": 1564070786215,
    "end": 1564070786217,
    "duration": 2,
    "pid": 27151,
    "index": 40
  },
  {
    "name": "Load extend/helper.js",
    "start": 1564070786218,
    "end": 1564070786239,
    "duration": 21,
    "pid": 27151,
    "index": 41
  },
  {
    "name": "Require(34) node_modules/_egg-security@1.13.2@egg-security/app/extend/helper.js",
    "start": 1564070786218,
    "end": 1564070786238,
    "duration": 20,
    "pid": 27151,
    "index": 42
  },
  {
    "name": "Require(35) node_modules/_egg@1.19.0@egg/app/extend/helper.js",
    "start": 1564070786238,
    "end": 1564070786239,
    "duration": 1,
    "pid": 27151,
    "index": 43
  },
  {
    "name": "Load app.js",
    "start": 1564070786239,
    "end": 1564070786464,
    "duration": 225,
    "pid": 27151,
    "index": 44
  },
  {
    "name": "Require(36) node_modules/_egg-session@2.2.0@egg-session/app.js",
    "start": 1564070786239,
    "end": 1564070786240,
    "duration": 1,
    "pid": 27151,
    "index": 45
  },
  {
    "name": "Require(37) node_modules/_egg-security@1.13.2@egg-security/app.js",
    "start": 1564070786240,
    "end": 1564070786242,
    "duration": 2,
    "pid": 27151,
    "index": 46
  },
  {
    "name": "Require(38) node_modules/_egg-onerror@1.6.0@egg-onerror/app.js",
    "start": 1564070786244,
    "end": 1564070786258,
    "duration": 14,
    "pid": 27151,
    "index": 47
  },
  {
    "name": "Require(39) node_modules/_egg-i18n@1.2.0@egg-i18n/app.js",
    "start": 1564070786258,
    "end": 1564070786268,
    "duration": 10,
    "pid": 27151,
    "index": 48
  },
  {
    "name": "Require(40) node_modules/_egg-watcher@2.2.0@egg-watcher/app.js",
    "start": 1564070786270,
    "end": 1564070786275,
    "duration": 5,
    "pid": 27151,
    "index": 49
  },
  {
    "name": "Before Start in node_modules/_egg-watcher@2.2.0@egg-watcher/app.js:15:7",
    "start": 1564070786286,
    "end": 1564070787015,
    "duration": 729,
    "pid": 27151,
    "index": 50
  },
  {
    "name": "Require(41) node_modules/_egg-multipart@1.5.1@egg-multipart/app.js",
    "start": 1564070786288,
    "end": 1564070786292,
    "duration": 4,
    "pid": 27151,
    "index": 51
  },
  {
    "name": "Require(42) node_modules/_egg-development@1.4.2@egg-development/app.js",
    "start": 1564070786293,
    "end": 1564070786297,
    "duration": 4,
    "pid": 27151,
    "index": 52
  },
  {
    "name": "Before Start in node_modules/_egg-development@1.4.2@egg-development/app.js:12:7",
    "start": 1564070786297,
    "end": 1564070787015,
    "duration": 718,
    "pid": 27151,
    "index": 53
  },
  {
    "name": "Require(43) node_modules/_egg-schedule@2.6.0@egg-schedule/app.js",
    "start": 1564070786297,
    "end": 1564070786299,
    "duration": 2,
    "pid": 27151,
    "index": 54
  },
  {
    "name": "Require(44) node_modules/_egg-logrotator@2.3.3@egg-logrotator/app.js",
    "start": 1564070786340,
    "end": 1564070786341,
    "duration": 1,
    "pid": 27151,
    "index": 55
  },
  {
    "name": "Require(45) node_modules/_egg-static@1.5.1@egg-static/app.js",
    "start": 1564070786341,
    "end": 1564070786341,
    "duration": 0,
    "pid": 27151,
    "index": 56
  },
  {
    "name": "Require(46) node_modules/_egg-validate@1.1.1@egg-validate/app.js",
    "start": 1564070786341,
    "end": 1564070786344,
    "duration": 3,
    "pid": 27151,
    "index": 57
  },
  {
    "name": "Require(47) node_modules/_egg-mysql@3.0.0@egg-mysql/app.js",
    "start": 1564070786344,
    "end": 1564070786363,
    "duration": 19,
    "pid": 27151,
    "index": 58
  },
  {
    "name": "Before Start in node_modules/_egg-mysql@3.0.0@egg-mysql/lib/mysql.js:20:7",
    "start": 1564070786462,
    "end": 1564070787040,
    "duration": 578,
    "pid": 27151,
    "index": 59
  },
  {
    "name": "Require(48) node_modules/_egg-cors@2.2.0@egg-cors/app.js",
    "start": 1564070786463,
    "end": 1564070786463,
    "duration": 0,
    "pid": 27151,
    "index": 60
  },
  {
    "name": "Load Service",
    "start": 1564070786464,
    "end": 1564070786467,
    "duration": 3,
    "pid": 27151,
    "index": 61
  },
  {
    "name": "Load \"service\" to Context",
    "start": 1564070786464,
    "end": 1564070786467,
    "duration": 3,
    "pid": 27151,
    "index": 62
  },
  {
    "name": "Load Middleware",
    "start": 1564070786468,
    "end": 1564070786548,
    "duration": 80,
    "pid": 27151,
    "index": 63
  },
  {
    "name": "Load \"middlewares\" to Application",
    "start": 1564070786468,
    "end": 1564070786538,
    "duration": 70,
    "pid": 27151,
    "index": 64
  },
  {
    "name": "Load Controller",
    "start": 1564070786548,
    "end": 1564070786990,
    "duration": 442,
    "pid": 27151,
    "index": 65
  },
  {
    "name": "Load \"controller\" to Application",
    "start": 1564070786548,
    "end": 1564070786990,
    "duration": 442,
    "pid": 27151,
    "index": 66
  },
  {
    "name": "Load Router",
    "start": 1564070786991,
    "end": 1564070786994,
    "duration": 3,
    "pid": 27151,
    "index": 67
  },
  {
    "name": "Require(49) app/router.js",
    "start": 1564070786991,
    "end": 1564070786991,
    "duration": 0,
    "pid": 27151,
    "index": 68
  },
  {
    "name": "Before Start in node_modules/_egg-core@3.21.4@egg-core/lib/egg.js:330:10",
    "start": 1564070786992,
    "end": 1564070787006,
    "duration": 14,
    "pid": 27151,
    "index": 69
  }
]