[
  {
    "name": "Application Start",
    "start": 1564070513740,
    "end": 1564070514299,
    "duration": 559,
    "pid": 26740,
    "index": 0
  },
  {
    "name": "Load Plugin",
    "start": 1564070513743,
    "end": 1564070513751,
    "duration": 8,
    "pid": 26740,
    "index": 1
  },
  {
    "name": "Load Config",
    "start": 1564070513751,
    "end": 1564070513759,
    "duration": 8,
    "pid": 26740,
    "index": 2
  },
  {
    "name": "Require(0) config/config.default.js",
    "start": 1564070513751,
    "end": 1564070513751,
    "duration": 0,
    "pid": 26740,
    "index": 3
  },
  {
    "name": "Require(1) node_modules/_egg-session@2.2.0@egg-session/config/config.default.js",
    "start": 1564070513752,
    "end": 1564070513752,
    "duration": 0,
    "pid": 26740,
    "index": 4
  },
  {
    "name": "Require(2) node_modules/_egg-security@1.13.2@egg-security/config/config.default.js",
    "start": 1564070513752,
    "end": 1564070513753,
    "duration": 1,
    "pid": 26740,
    "index": 5
  },
  {
    "name": "Require(3) node_modules/_egg-jsonp@1.2.2@egg-jsonp/config/config.default.js",
    "start": 1564070513753,
    "end": 1564070513753,
    "duration": 0,
    "pid": 26740,
    "index": 6
  },
  {
    "name": "Require(4) node_modules/_egg-onerror@1.6.0@egg-onerror/config/config.default.js",
    "start": 1564070513753,
    "end": 1564070513754,
    "duration": 1,
    "pid": 26740,
    "index": 7
  },
  {
    "name": "Require(5) node_modules/_egg-i18n@1.2.0@egg-i18n/config/config.default.js",
    "start": 1564070513754,
    "end": 1564070513754,
    "duration": 0,
    "pid": 26740,
    "index": 8
  },
  {
    "name": "Require(6) node_modules/_egg-watcher@2.2.0@egg-watcher/config/config.default.js",
    "start": 1564070513754,
    "end": 1564070513755,
    "duration": 1,
    "pid": 26740,
    "index": 9
  },
  {
    "name": "Require(7) node_modules/_egg-multipart@1.5.1@egg-multipart/config/config.default.js",
    "start": 1564070513755,
    "end": 1564070513755,
    "duration": 0,
    "pid": 26740,
    "index": 10
  },
  {
    "name": "Require(8) node_modules/_egg-development@1.4.2@egg-development/config/config.default.js",
    "start": 1564070513755,
    "end": 1564070513755,
    "duration": 0,
    "pid": 26740,
    "index": 11
  },
  {
    "name": "Require(9) node_modules/_egg-logrotator@2.3.3@egg-logrotator/config/config.default.js",
    "start": 1564070513755,
    "end": 1564070513756,
    "duration": 1,
    "pid": 26740,
    "index": 12
  },
  {
    "name": "Require(10) node_modules/_egg-static@1.5.1@egg-static/config/config.default.js",
    "start": 1564070513756,
    "end": 1564070513756,
    "duration": 0,
    "pid": 26740,
    "index": 13
  },
  {
    "name": "Require(11) node_modules/_egg-view@1.2.0@egg-view/config/config.default.js",
    "start": 1564070513756,
    "end": 1564070513756,
    "duration": 0,
    "pid": 26740,
    "index": 14
  },
  {
    "name": "Require(12) node_modules/_egg-mysql@3.0.0@egg-mysql/config/config.default.js",
    "start": 1564070513756,
    "end": 1564070513756,
    "duration": 0,
    "pid": 26740,
    "index": 15
  },
  {
    "name": "Require(13) node_modules/_egg-cors@2.2.0@egg-cors/config/config.default.js",
    "start": 1564070513757,
    "end": 1564070513757,
    "duration": 0,
    "pid": 26740,
    "index": 16
  },
  {
    "name": "Require(14) node_modules/_egg@1.19.0@egg/config/config.default.js",
    "start": 1564070513757,
    "end": 1564070513757,
    "duration": 0,
    "pid": 26740,
    "index": 17
  },
  {
    "name": "Require(15) config/config.default.js",
    "start": 1564070513758,
    "end": 1564070513758,
    "duration": 0,
    "pid": 26740,
    "index": 18
  },
  {
    "name": "Require(16) node_modules/_egg-security@1.13.2@egg-security/config/config.local.js",
    "start": 1564070513758,
    "end": 1564070513758,
    "duration": 0,
    "pid": 26740,
    "index": 19
  },
  {
    "name": "Require(17) node_modules/_egg-watcher@2.2.0@egg-watcher/config/config.local.js",
    "start": 1564070513758,
    "end": 1564070513759,
    "duration": 1,
    "pid": 26740,
    "index": 20
  },
  {
    "name": "Require(18) node_modules/_egg-view@1.2.0@egg-view/config/config.local.js",
    "start": 1564070513759,
    "end": 1564070513759,
    "duration": 0,
    "pid": 26740,
    "index": 21
  },
  {
    "name": "Require(19) node_modules/_egg@1.19.0@egg/config/config.local.js",
    "start": 1564070513759,
    "end": 1564070513759,
    "duration": 0,
    "pid": 26740,
    "index": 22
  },
  {
    "name": "Load extend/application.js",
    "start": 1564070513760,
    "end": 1564070513764,
    "duration": 4,
    "pid": 26740,
    "index": 23
  },
  {
    "name": "Require(20) node_modules/_egg-session@2.2.0@egg-session/app/extend/application.js",
    "start": 1564070513760,
    "end": 1564070513761,
    "duration": 1,
    "pid": 26740,
    "index": 24
  },
  {
    "name": "Require(21) node_modules/_egg-security@1.13.2@egg-security/app/extend/application.js",
    "start": 1564070513761,
    "end": 1564070513761,
    "duration": 0,
    "pid": 26740,
    "index": 25
  },
  {
    "name": "Require(22) node_modules/_egg-jsonp@1.2.2@egg-jsonp/app/extend/application.js",
    "start": 1564070513761,
    "end": 1564070513762,
    "duration": 1,
    "pid": 26740,
    "index": 26
  },
  {
    "name": "Require(23) node_modules/_egg-logrotator@2.3.3@egg-logrotator/app/extend/application.js",
    "start": 1564070513762,
    "end": 1564070513763,
    "duration": 1,
    "pid": 26740,
    "index": 27
  },
  {
    "name": "Require(24) node_modules/_egg-view@1.2.0@egg-view/app/extend/application.js",
    "start": 1564070513763,
    "end": 1564070513764,
    "duration": 1,
    "pid": 26740,
    "index": 28
  },
  {
    "name": "Load extend/request.js",
    "start": 1564070513764,
    "end": 1564070513766,
    "duration": 2,
    "pid": 26740,
    "index": 29
  },
  {
    "name": "Require(25) node_modules/_egg@1.19.0@egg/app/extend/request.js",
    "start": 1564070513765,
    "end": 1564070513765,
    "duration": 0,
    "pid": 26740,
    "index": 30
  },
  {
    "name": "Load extend/response.js",
    "start": 1564070513766,
    "end": 1564070513768,
    "duration": 2,
    "pid": 26740,
    "index": 31
  },
  {
    "name": "Require(26) node_modules/_egg@1.19.0@egg/app/extend/response.js",
    "start": 1564070513767,
    "end": 1564070513767,
    "duration": 0,
    "pid": 26740,
    "index": 32
  },
  {
    "name": "Load extend/context.js",
    "start": 1564070513768,
    "end": 1564070513804,
    "duration": 36,
    "pid": 26740,
    "index": 33
  },
  {
    "name": "Require(27) node_modules/_egg-security@1.13.2@egg-security/app/extend/context.js",
    "start": 1564070513768,
    "end": 1564070513773,
    "duration": 5,
    "pid": 26740,
    "index": 34
  },
  {
    "name": "Require(28) node_modules/_egg-jsonp@1.2.2@egg-jsonp/app/extend/context.js",
    "start": 1564070513773,
    "end": 1564070513774,
    "duration": 1,
    "pid": 26740,
    "index": 35
  },
  {
    "name": "Require(29) node_modules/_egg-i18n@1.2.0@egg-i18n/app/extend/context.js",
    "start": 1564070513774,
    "end": 1564070513774,
    "duration": 0,
    "pid": 26740,
    "index": 36
  },
  {
    "name": "Require(30) node_modules/_egg-multipart@1.5.1@egg-multipart/app/extend/context.js",
    "start": 1564070513774,
    "end": 1564070513801,
    "duration": 27,
    "pid": 26740,
    "index": 37
  },
  {
    "name": "Require(31) node_modules/_egg-view@1.2.0@egg-view/app/extend/context.js",
    "start": 1564070513801,
    "end": 1564070513802,
    "duration": 1,
    "pid": 26740,
    "index": 38
  },
  {
    "name": "Require(32) node_modules/_egg-validate@1.1.1@egg-validate/app/extend/context.js",
    "start": 1564070513803,
    "end": 1564070513803,
    "duration": 0,
    "pid": 26740,
    "index": 39
  },
  {
    "name": "Require(33) node_modules/_egg@1.19.0@egg/app/extend/context.js",
    "start": 1564070513803,
    "end": 1564070513804,
    "duration": 1,
    "pid": 26740,
    "index": 40
  },
  {
    "name": "Load extend/helper.js",
    "start": 1564070513804,
    "end": 1564070513813,
    "duration": 9,
    "pid": 26740,
    "index": 41
  },
  {
    "name": "Require(34) node_modules/_egg-security@1.13.2@egg-security/app/extend/helper.js",
    "start": 1564070513804,
    "end": 1564070513812,
    "duration": 8,
    "pid": 26740,
    "index": 42
  },
  {
    "name": "Require(35) node_modules/_egg@1.19.0@egg/app/extend/helper.js",
    "start": 1564070513812,
    "end": 1564070513812,
    "duration": 0,
    "pid": 26740,
    "index": 43
  },
  {
    "name": "Load app.js",
    "start": 1564070513813,
    "end": 1564070513915,
    "duration": 102,
    "pid": 26740,
    "index": 44
  },
  {
    "name": "Require(36) node_modules/_egg-session@2.2.0@egg-session/app.js",
    "start": 1564070513813,
    "end": 1564070513813,
    "duration": 0,
    "pid": 26740,
    "index": 45
  },
  {
    "name": "Require(37) node_modules/_egg-security@1.13.2@egg-security/app.js",
    "start": 1564070513813,
    "end": 1564070513814,
    "duration": 1,
    "pid": 26740,
    "index": 46
  },
  {
    "name": "Require(38) node_modules/_egg-onerror@1.6.0@egg-onerror/app.js",
    "start": 1564070513816,
    "end": 1564070513821,
    "duration": 5,
    "pid": 26740,
    "index": 47
  },
  {
    "name": "Require(39) node_modules/_egg-i18n@1.2.0@egg-i18n/app.js",
    "start": 1564070513822,
    "end": 1564070513826,
    "duration": 4,
    "pid": 26740,
    "index": 48
  },
  {
    "name": "Require(40) node_modules/_egg-watcher@2.2.0@egg-watcher/app.js",
    "start": 1564070513828,
    "end": 1564070513829,
    "duration": 1,
    "pid": 26740,
    "index": 49
  },
  {
    "name": "Before Start in node_modules/_egg-watcher@2.2.0@egg-watcher/app.js:15:7",
    "start": 1564070513839,
    "end": 1564070514270,
    "duration": 431,
    "pid": 26740,
    "index": 50
  },
  {
    "name": "Require(41) node_modules/_egg-multipart@1.5.1@egg-multipart/app.js",
    "start": 1564070513841,
    "end": 1564070513842,
    "duration": 1,
    "pid": 26740,
    "index": 51
  },
  {
    "name": "Require(42) node_modules/_egg-development@1.4.2@egg-development/app.js",
    "start": 1564070513843,
    "end": 1564070513843,
    "duration": 0,
    "pid": 26740,
    "index": 52
  },
  {
    "name": "Before Start in node_modules/_egg-development@1.4.2@egg-development/app.js:12:7",
    "start": 1564070513843,
    "end": 1564070514267,
    "duration": 424,
    "pid": 26740,
    "index": 53
  },
  {
    "name": "Require(43) node_modules/_egg-schedule@2.6.0@egg-schedule/app.js",
    "start": 1564070513843,
    "end": 1564070513844,
    "duration": 1,
    "pid": 26740,
    "index": 54
  },
  {
    "name": "Require(44) node_modules/_egg-logrotator@2.3.3@egg-logrotator/app.js",
    "start": 1564070513877,
    "end": 1564070513877,
    "duration": 0,
    "pid": 26740,
    "index": 55
  },
  {
    "name": "Require(45) node_modules/_egg-static@1.5.1@egg-static/app.js",
    "start": 1564070513877,
    "end": 1564070513878,
    "duration": 1,
    "pid": 26740,
    "index": 56
  },
  {
    "name": "Require(46) node_modules/_egg-validate@1.1.1@egg-validate/app.js",
    "start": 1564070513878,
    "end": 1564070513879,
    "duration": 1,
    "pid": 26740,
    "index": 57
  },
  {
    "name": "Require(47) node_modules/_egg-mysql@3.0.0@egg-mysql/app.js",
    "start": 1564070513879,
    "end": 1564070513885,
    "duration": 6,
    "pid": 26740,
    "index": 58
  },
  {
    "name": "Before Start in node_modules/_egg-mysql@3.0.0@egg-mysql/lib/mysql.js:20:7",
    "start": 1564070513914,
    "end": 1564070514299,
    "duration": 385,
    "pid": 26740,
    "index": 59
  },
  {
    "name": "Require(48) node_modules/_egg-cors@2.2.0@egg-cors/app.js",
    "start": 1564070513914,
    "end": 1564070513914,
    "duration": 0,
    "pid": 26740,
    "index": 60
  },
  {
    "name": "Load Service",
    "start": 1564070513915,
    "end": 1564070513918,
    "duration": 3,
    "pid": 26740,
    "index": 61
  },
  {
    "name": "Load \"service\" to Context",
    "start": 1564070513915,
    "end": 1564070513918,
    "duration": 3,
    "pid": 26740,
    "index": 62
  },
  {
    "name": "Load Middleware",
    "start": 1564070513918,
    "end": 1564070513953,
    "duration": 35,
    "pid": 26740,
    "index": 63
  },
  {
    "name": "Load \"middlewares\" to Application",
    "start": 1564070513918,
    "end": 1564070513947,
    "duration": 29,
    "pid": 26740,
    "index": 64
  },
  {
    "name": "Load Controller",
    "start": 1564070513953,
    "end": 1564070514249,
    "duration": 296,
    "pid": 26740,
    "index": 65
  },
  {
    "name": "Load \"controller\" to Application",
    "start": 1564070513953,
    "end": 1564070514249,
    "duration": 296,
    "pid": 26740,
    "index": 66
  },
  {
    "name": "Load Router",
    "start": 1564070514249,
    "end": 1564070514251,
    "duration": 2,
    "pid": 26740,
    "index": 67
  },
  {
    "name": "Require(49) app/router.js",
    "start": 1564070514249,
    "end": 1564070514249,
    "duration": 0,
    "pid": 26740,
    "index": 68
  },
  {
    "name": "Before Start in node_modules/_egg-core@3.21.4@egg-core/lib/egg.js:330:10",
    "start": 1564070514249,
    "end": 1564070514260,
    "duration": 11,
    "pid": 26740,
    "index": 69
  }
]