[
  {
    "name": "Application Start",
    "start": 1564070280254,
    "end": 1564070280795,
    "duration": 541,
    "pid": 26597,
    "index": 0
  },
  {
    "name": "Load Plugin",
    "start": 1564070280257,
    "end": 1564070280265,
    "duration": 8,
    "pid": 26597,
    "index": 1
  },
  {
    "name": "Load Config",
    "start": 1564070280265,
    "end": 1564070280273,
    "duration": 8,
    "pid": 26597,
    "index": 2
  },
  {
    "name": "Require(0) config/config.default.js",
    "start": 1564070280265,
    "end": 1564070280266,
    "duration": 1,
    "pid": 26597,
    "index": 3
  },
  {
    "name": "Require(1) node_modules/_egg-session@2.2.0@egg-session/config/config.default.js",
    "start": 1564070280266,
    "end": 1564070280267,
    "duration": 1,
    "pid": 26597,
    "index": 4
  },
  {
    "name": "Require(2) node_modules/_egg-security@1.13.2@egg-security/config/config.default.js",
    "start": 1564070280267,
    "end": 1564070280267,
    "duration": 0,
    "pid": 26597,
    "index": 5
  },
  {
    "name": "Require(3) node_modules/_egg-jsonp@1.2.2@egg-jsonp/config/config.default.js",
    "start": 1564070280267,
    "end": 1564070280267,
    "duration": 0,
    "pid": 26597,
    "index": 6
  },
  {
    "name": "Require(4) node_modules/_egg-onerror@1.6.0@egg-onerror/config/config.default.js",
    "start": 1564070280267,
    "end": 1564070280268,
    "duration": 1,
    "pid": 26597,
    "index": 7
  },
  {
    "name": "Require(5) node_modules/_egg-i18n@1.2.0@egg-i18n/config/config.default.js",
    "start": 1564070280268,
    "end": 1564070280268,
    "duration": 0,
    "pid": 26597,
    "index": 8
  },
  {
    "name": "Require(6) node_modules/_egg-watcher@2.2.0@egg-watcher/config/config.default.js",
    "start": 1564070280268,
    "end": 1564070280268,
    "duration": 0,
    "pid": 26597,
    "index": 9
  },
  {
    "name": "Require(7) node_modules/_egg-multipart@1.5.1@egg-multipart/config/config.default.js",
    "start": 1564070280268,
    "end": 1564070280269,
    "duration": 1,
    "pid": 26597,
    "index": 10
  },
  {
    "name": "Require(8) node_modules/_egg-development@1.4.2@egg-development/config/config.default.js",
    "start": 1564070280269,
    "end": 1564070280269,
    "duration": 0,
    "pid": 26597,
    "index": 11
  },
  {
    "name": "Require(9) node_modules/_egg-logrotator@2.3.3@egg-logrotator/config/config.default.js",
    "start": 1564070280269,
    "end": 1564070280269,
    "duration": 0,
    "pid": 26597,
    "index": 12
  },
  {
    "name": "Require(10) node_modules/_egg-static@1.5.1@egg-static/config/config.default.js",
    "start": 1564070280269,
    "end": 1564070280269,
    "duration": 0,
    "pid": 26597,
    "index": 13
  },
  {
    "name": "Require(11) node_modules/_egg-view@1.2.0@egg-view/config/config.default.js",
    "start": 1564070280269,
    "end": 1564070280270,
    "duration": 1,
    "pid": 26597,
    "index": 14
  },
  {
    "name": "Require(12) node_modules/_egg-mysql@3.0.0@egg-mysql/config/config.default.js",
    "start": 1564070280270,
    "end": 1564070280270,
    "duration": 0,
    "pid": 26597,
    "index": 15
  },
  {
    "name": "Require(13) node_modules/_egg-cors@2.2.0@egg-cors/config/config.default.js",
    "start": 1564070280270,
    "end": 1564070280270,
    "duration": 0,
    "pid": 26597,
    "index": 16
  },
  {
    "name": "Require(14) node_modules/_egg@1.19.0@egg/config/config.default.js",
    "start": 1564070280270,
    "end": 1564070280271,
    "duration": 1,
    "pid": 26597,
    "index": 17
  },
  {
    "name": "Require(15) config/config.default.js",
    "start": 1564070280271,
    "end": 1564070280271,
    "duration": 0,
    "pid": 26597,
    "index": 18
  },
  {
    "name": "Require(16) node_modules/_egg-security@1.13.2@egg-security/config/config.local.js",
    "start": 1564070280271,
    "end": 1564070280272,
    "duration": 1,
    "pid": 26597,
    "index": 19
  },
  {
    "name": "Require(17) node_modules/_egg-watcher@2.2.0@egg-watcher/config/config.local.js",
    "start": 1564070280272,
    "end": 1564070280272,
    "duration": 0,
    "pid": 26597,
    "index": 20
  },
  {
    "name": "Require(18) node_modules/_egg-view@1.2.0@egg-view/config/config.local.js",
    "start": 1564070280272,
    "end": 1564070280272,
    "duration": 0,
    "pid": 26597,
    "index": 21
  },
  {
    "name": "Require(19) node_modules/_egg@1.19.0@egg/config/config.local.js",
    "start": 1564070280272,
    "end": 1564070280272,
    "duration": 0,
    "pid": 26597,
    "index": 22
  },
  {
    "name": "Load extend/application.js",
    "start": 1564070280274,
    "end": 1564070280279,
    "duration": 5,
    "pid": 26597,
    "index": 23
  },
  {
    "name": "Require(20) node_modules/_egg-session@2.2.0@egg-session/app/extend/application.js",
    "start": 1564070280275,
    "end": 1564070280275,
    "duration": 0,
    "pid": 26597,
    "index": 24
  },
  {
    "name": "Require(21) node_modules/_egg-security@1.13.2@egg-security/app/extend/application.js",
    "start": 1564070280275,
    "end": 1564070280275,
    "duration": 0,
    "pid": 26597,
    "index": 25
  },
  {
    "name": "Require(22) node_modules/_egg-jsonp@1.2.2@egg-jsonp/app/extend/application.js",
    "start": 1564070280276,
    "end": 1564070280276,
    "duration": 0,
    "pid": 26597,
    "index": 26
  },
  {
    "name": "Require(23) node_modules/_egg-logrotator@2.3.3@egg-logrotator/app/extend/application.js",
    "start": 1564070280276,
    "end": 1564070280277,
    "duration": 1,
    "pid": 26597,
    "index": 27
  },
  {
    "name": "Require(24) node_modules/_egg-view@1.2.0@egg-view/app/extend/application.js",
    "start": 1564070280277,
    "end": 1564070280278,
    "duration": 1,
    "pid": 26597,
    "index": 28
  },
  {
    "name": "Load extend/request.js",
    "start": 1564070280279,
    "end": 1564070280281,
    "duration": 2,
    "pid": 26597,
    "index": 29
  },
  {
    "name": "Require(25) node_modules/_egg@1.19.0@egg/app/extend/request.js",
    "start": 1564070280280,
    "end": 1564070280280,
    "duration": 0,
    "pid": 26597,
    "index": 30
  },
  {
    "name": "Load extend/response.js",
    "start": 1564070280281,
    "end": 1564070280282,
    "duration": 1,
    "pid": 26597,
    "index": 31
  },
  {
    "name": "Require(26) node_modules/_egg@1.19.0@egg/app/extend/response.js",
    "start": 1564070280281,
    "end": 1564070280282,
    "duration": 1,
    "pid": 26597,
    "index": 32
  },
  {
    "name": "Load extend/context.js",
    "start": 1564070280282,
    "end": 1564070280315,
    "duration": 33,
    "pid": 26597,
    "index": 33
  },
  {
    "name": "Require(27) node_modules/_egg-security@1.13.2@egg-security/app/extend/context.js",
    "start": 1564070280282,
    "end": 1564070280285,
    "duration": 3,
    "pid": 26597,
    "index": 34
  },
  {
    "name": "Require(28) node_modules/_egg-jsonp@1.2.2@egg-jsonp/app/extend/context.js",
    "start": 1564070280286,
    "end": 1564070280286,
    "duration": 0,
    "pid": 26597,
    "index": 35
  },
  {
    "name": "Require(29) node_modules/_egg-i18n@1.2.0@egg-i18n/app/extend/context.js",
    "start": 1564070280286,
    "end": 1564070280286,
    "duration": 0,
    "pid": 26597,
    "index": 36
  },
  {
    "name": "Require(30) node_modules/_egg-multipart@1.5.1@egg-multipart/app/extend/context.js",
    "start": 1564070280286,
    "end": 1564070280313,
    "duration": 27,
    "pid": 26597,
    "index": 37
  },
  {
    "name": "Require(31) node_modules/_egg-view@1.2.0@egg-view/app/extend/context.js",
    "start": 1564070280313,
    "end": 1564070280313,
    "duration": 0,
    "pid": 26597,
    "index": 38
  },
  {
    "name": "Require(32) node_modules/_egg-validate@1.1.1@egg-validate/app/extend/context.js",
    "start": 1564070280314,
    "end": 1564070280314,
    "duration": 0,
    "pid": 26597,
    "index": 39
  },
  {
    "name": "Require(33) node_modules/_egg@1.19.0@egg/app/extend/context.js",
    "start": 1564070280314,
    "end": 1564070280315,
    "duration": 1,
    "pid": 26597,
    "index": 40
  },
  {
    "name": "Load extend/helper.js",
    "start": 1564070280315,
    "end": 1564070280323,
    "duration": 8,
    "pid": 26597,
    "index": 41
  },
  {
    "name": "Require(34) node_modules/_egg-security@1.13.2@egg-security/app/extend/helper.js",
    "start": 1564070280315,
    "end": 1564070280322,
    "duration": 7,
    "pid": 26597,
    "index": 42
  },
  {
    "name": "Require(35) node_modules/_egg@1.19.0@egg/app/extend/helper.js",
    "start": 1564070280323,
    "end": 1564070280323,
    "duration": 0,
    "pid": 26597,
    "index": 43
  },
  {
    "name": "Load app.js",
    "start": 1564070280323,
    "end": 1564070280451,
    "duration": 128,
    "pid": 26597,
    "index": 44
  },
  {
    "name": "Require(36) node_modules/_egg-session@2.2.0@egg-session/app.js",
    "start": 1564070280323,
    "end": 1564070280324,
    "duration": 1,
    "pid": 26597,
    "index": 45
  },
  {
    "name": "Require(37) node_modules/_egg-security@1.13.2@egg-security/app.js",
    "start": 1564070280324,
    "end": 1564070280324,
    "duration": 0,
    "pid": 26597,
    "index": 46
  },
  {
    "name": "Require(38) node_modules/_egg-onerror@1.6.0@egg-onerror/app.js",
    "start": 1564070280326,
    "end": 1564070280331,
    "duration": 5,
    "pid": 26597,
    "index": 47
  },
  {
    "name": "Require(39) node_modules/_egg-i18n@1.2.0@egg-i18n/app.js",
    "start": 1564070280331,
    "end": 1564070280336,
    "duration": 5,
    "pid": 26597,
    "index": 48
  },
  {
    "name": "Require(40) node_modules/_egg-watcher@2.2.0@egg-watcher/app.js",
    "start": 1564070280337,
    "end": 1564070280340,
    "duration": 3,
    "pid": 26597,
    "index": 49
  },
  {
    "name": "Before Start in node_modules/_egg-watcher@2.2.0@egg-watcher/app.js:15:7",
    "start": 1564070280361,
    "end": 1564070280736,
    "duration": 375,
    "pid": 26597,
    "index": 50
  },
  {
    "name": "Require(41) node_modules/_egg-multipart@1.5.1@egg-multipart/app.js",
    "start": 1564070280364,
    "end": 1564070280368,
    "duration": 4,
    "pid": 26597,
    "index": 51
  },
  {
    "name": "Require(42) node_modules/_egg-development@1.4.2@egg-development/app.js",
    "start": 1564070280369,
    "end": 1564070280369,
    "duration": 0,
    "pid": 26597,
    "index": 52
  },
  {
    "name": "Before Start in node_modules/_egg-development@1.4.2@egg-development/app.js:12:7",
    "start": 1564070280370,
    "end": 1564070280734,
    "duration": 364,
    "pid": 26597,
    "index": 53
  },
  {
    "name": "Require(43) node_modules/_egg-schedule@2.6.0@egg-schedule/app.js",
    "start": 1564070280370,
    "end": 1564070280372,
    "duration": 2,
    "pid": 26597,
    "index": 54
  },
  {
    "name": "Require(44) node_modules/_egg-logrotator@2.3.3@egg-logrotator/app.js",
    "start": 1564070280413,
    "end": 1564070280413,
    "duration": 0,
    "pid": 26597,
    "index": 55
  },
  {
    "name": "Require(45) node_modules/_egg-static@1.5.1@egg-static/app.js",
    "start": 1564070280413,
    "end": 1564070280413,
    "duration": 0,
    "pid": 26597,
    "index": 56
  },
  {
    "name": "Require(46) node_modules/_egg-validate@1.1.1@egg-validate/app.js",
    "start": 1564070280413,
    "end": 1564070280414,
    "duration": 1,
    "pid": 26597,
    "index": 57
  },
  {
    "name": "Require(47) node_modules/_egg-mysql@3.0.0@egg-mysql/app.js",
    "start": 1564070280415,
    "end": 1564070280421,
    "duration": 6,
    "pid": 26597,
    "index": 58
  },
  {
    "name": "Before Start in node_modules/_egg-mysql@3.0.0@egg-mysql/lib/mysql.js:20:7",
    "start": 1564070280451,
    "end": 1564070280795,
    "duration": 344,
    "pid": 26597,
    "index": 59
  },
  {
    "name": "Require(48) node_modules/_egg-cors@2.2.0@egg-cors/app.js",
    "start": 1564070280451,
    "end": 1564070280451,
    "duration": 0,
    "pid": 26597,
    "index": 60
  },
  {
    "name": "Load Service",
    "start": 1564070280451,
    "end": 1564070280455,
    "duration": 4,
    "pid": 26597,
    "index": 61
  },
  {
    "name": "Load \"service\" to Context",
    "start": 1564070280452,
    "end": 1564070280455,
    "duration": 3,
    "pid": 26597,
    "index": 62
  },
  {
    "name": "Load Middleware",
    "start": 1564070280455,
    "end": 1564070280487,
    "duration": 32,
    "pid": 26597,
    "index": 63
  },
  {
    "name": "Load \"middlewares\" to Application",
    "start": 1564070280455,
    "end": 1564070280481,
    "duration": 26,
    "pid": 26597,
    "index": 64
  },
  {
    "name": "Load Controller",
    "start": 1564070280487,
    "end": 1564070280713,
    "duration": 226,
    "pid": 26597,
    "index": 65
  },
  {
    "name": "Load \"controller\" to Application",
    "start": 1564070280487,
    "end": 1564070280713,
    "duration": 226,
    "pid": 26597,
    "index": 66
  },
  {
    "name": "Load Router",
    "start": 1564070280713,
    "end": 1564070280715,
    "duration": 2,
    "pid": 26597,
    "index": 67
  },
  {
    "name": "Require(49) app/router.js",
    "start": 1564070280713,
    "end": 1564070280714,
    "duration": 1,
    "pid": 26597,
    "index": 68
  },
  {
    "name": "Before Start in node_modules/_egg-core@3.21.4@egg-core/lib/egg.js:330:10",
    "start": 1564070280714,
    "end": 1564070280728,
    "duration": 14,
    "pid": 26597,
    "index": 69
  }
]