[
  {
    "name": "Application Start",
    "start": 1564106800216,
    "end": 1564106801657,
    "duration": 1441,
    "pid": 27999,
    "index": 0
  },
  {
    "name": "Load Plugin",
    "start": 1564106800221,
    "end": 1564106800235,
    "duration": 14,
    "pid": 27999,
    "index": 1
  },
  {
    "name": "Load Config",
    "start": 1564106800235,
    "end": 1564106800267,
    "duration": 32,
    "pid": 27999,
    "index": 2
  },
  {
    "name": "Require(0) config/config.default.js",
    "start": 1564106800236,
    "end": 1564106800236,
    "duration": 0,
    "pid": 27999,
    "index": 3
  },
  {
    "name": "Require(1) node_modules/_egg-session@2.2.0@egg-session/config/config.default.js",
    "start": 1564106800237,
    "end": 1564106800238,
    "duration": 1,
    "pid": 27999,
    "index": 4
  },
  {
    "name": "Require(2) node_modules/_egg-security@1.13.2@egg-security/config/config.default.js",
    "start": 1564106800238,
    "end": 1564106800238,
    "duration": 0,
    "pid": 27999,
    "index": 5
  },
  {
    "name": "Require(3) node_modules/_egg-jsonp@1.2.2@egg-jsonp/config/config.default.js",
    "start": 1564106800239,
    "end": 1564106800239,
    "duration": 0,
    "pid": 27999,
    "index": 6
  },
  {
    "name": "Require(4) node_modules/_egg-onerror@1.6.0@egg-onerror/config/config.default.js",
    "start": 1564106800239,
    "end": 1564106800239,
    "duration": 0,
    "pid": 27999,
    "index": 7
  },
  {
    "name": "Require(5) node_modules/_egg-i18n@1.2.0@egg-i18n/config/config.default.js",
    "start": 1564106800239,
    "end": 1564106800240,
    "duration": 1,
    "pid": 27999,
    "index": 8
  },
  {
    "name": "Require(6) node_modules/_egg-watcher@2.2.0@egg-watcher/config/config.default.js",
    "start": 1564106800240,
    "end": 1564106800240,
    "duration": 0,
    "pid": 27999,
    "index": 9
  },
  {
    "name": "Require(7) node_modules/_egg-multipart@1.5.1@egg-multipart/config/config.default.js",
    "start": 1564106800240,
    "end": 1564106800240,
    "duration": 0,
    "pid": 27999,
    "index": 10
  },
  {
    "name": "Require(8) node_modules/_egg-logrotator@2.3.3@egg-logrotator/config/config.default.js",
    "start": 1564106800241,
    "end": 1564106800241,
    "duration": 0,
    "pid": 27999,
    "index": 11
  },
  {
    "name": "Require(9) node_modules/_egg-static@1.5.1@egg-static/config/config.default.js",
    "start": 1564106800241,
    "end": 1564106800241,
    "duration": 0,
    "pid": 27999,
    "index": 12
  },
  {
    "name": "Require(10) node_modules/_egg-view@1.2.0@egg-view/config/config.default.js",
    "start": 1564106800241,
    "end": 1564106800242,
    "duration": 1,
    "pid": 27999,
    "index": 13
  },
  {
    "name": "Require(11) node_modules/_egg-mysql@3.0.0@egg-mysql/config/config.default.js",
    "start": 1564106800242,
    "end": 1564106800242,
    "duration": 0,
    "pid": 27999,
    "index": 14
  },
  {
    "name": "Require(12) node_modules/_egg-cors@2.2.0@egg-cors/config/config.default.js",
    "start": 1564106800242,
    "end": 1564106800242,
    "duration": 0,
    "pid": 27999,
    "index": 15
  },
  {
    "name": "Require(13) node_modules/_egg@1.19.0@egg/config/config.default.js",
    "start": 1564106800243,
    "end": 1564106800243,
    "duration": 0,
    "pid": 27999,
    "index": 16
  },
  {
    "name": "Require(14) config/config.default.js",
    "start": 1564106800265,
    "end": 1564106800265,
    "duration": 0,
    "pid": 27999,
    "index": 17
  },
  {
    "name": "Require(15) node_modules/_egg-static@1.5.1@egg-static/config/config.prod.js",
    "start": 1564106800266,
    "end": 1564106800266,
    "duration": 0,
    "pid": 27999,
    "index": 18
  },
  {
    "name": "Load extend/application.js",
    "start": 1564106800268,
    "end": 1564106800283,
    "duration": 15,
    "pid": 27999,
    "index": 19
  },
  {
    "name": "Require(16) node_modules/_egg-session@2.2.0@egg-session/app/extend/application.js",
    "start": 1564106800269,
    "end": 1564106800269,
    "duration": 0,
    "pid": 27999,
    "index": 20
  },
  {
    "name": "Require(17) node_modules/_egg-security@1.13.2@egg-security/app/extend/application.js",
    "start": 1564106800269,
    "end": 1564106800269,
    "duration": 0,
    "pid": 27999,
    "index": 21
  },
  {
    "name": "Require(18) node_modules/_egg-jsonp@1.2.2@egg-jsonp/app/extend/application.js",
    "start": 1564106800270,
    "end": 1564106800271,
    "duration": 1,
    "pid": 27999,
    "index": 22
  },
  {
    "name": "Require(19) node_modules/_egg-logrotator@2.3.3@egg-logrotator/app/extend/application.js",
    "start": 1564106800271,
    "end": 1564106800281,
    "duration": 10,
    "pid": 27999,
    "index": 23
  },
  {
    "name": "Require(20) node_modules/_egg-view@1.2.0@egg-view/app/extend/application.js",
    "start": 1564106800281,
    "end": 1564106800282,
    "duration": 1,
    "pid": 27999,
    "index": 24
  },
  {
    "name": "Load extend/request.js",
    "start": 1564106800283,
    "end": 1564106800301,
    "duration": 18,
    "pid": 27999,
    "index": 25
  },
  {
    "name": "Require(21) node_modules/_egg@1.19.0@egg/app/extend/request.js",
    "start": 1564106800286,
    "end": 1564106800287,
    "duration": 1,
    "pid": 27999,
    "index": 26
  },
  {
    "name": "Load extend/response.js",
    "start": 1564106800301,
    "end": 1564106800303,
    "duration": 2,
    "pid": 27999,
    "index": 27
  },
  {
    "name": "Require(22) node_modules/_egg@1.19.0@egg/app/extend/response.js",
    "start": 1564106800302,
    "end": 1564106800303,
    "duration": 1,
    "pid": 27999,
    "index": 28
  },
  {
    "name": "Load extend/context.js",
    "start": 1564106800303,
    "end": 1564106800467,
    "duration": 164,
    "pid": 27999,
    "index": 29
  },
  {
    "name": "Require(23) node_modules/_egg-security@1.13.2@egg-security/app/extend/context.js",
    "start": 1564106800304,
    "end": 1564106800313,
    "duration": 9,
    "pid": 27999,
    "index": 30
  },
  {
    "name": "Require(24) node_modules/_egg-jsonp@1.2.2@egg-jsonp/app/extend/context.js",
    "start": 1564106800313,
    "end": 1564106800314,
    "duration": 1,
    "pid": 27999,
    "index": 31
  },
  {
    "name": "Require(25) node_modules/_egg-i18n@1.2.0@egg-i18n/app/extend/context.js",
    "start": 1564106800314,
    "end": 1564106800314,
    "duration": 0,
    "pid": 27999,
    "index": 32
  },
  {
    "name": "Require(26) node_modules/_egg-multipart@1.5.1@egg-multipart/app/extend/context.js",
    "start": 1564106800315,
    "end": 1564106800446,
    "duration": 131,
    "pid": 27999,
    "index": 33
  },
  {
    "name": "Require(27) node_modules/_egg-view@1.2.0@egg-view/app/extend/context.js",
    "start": 1564106800446,
    "end": 1564106800465,
    "duration": 19,
    "pid": 27999,
    "index": 34
  },
  {
    "name": "Require(28) node_modules/_egg-validate@1.1.1@egg-validate/app/extend/context.js",
    "start": 1564106800465,
    "end": 1564106800465,
    "duration": 0,
    "pid": 27999,
    "index": 35
  },
  {
    "name": "Require(29) node_modules/_egg@1.19.0@egg/app/extend/context.js",
    "start": 1564106800465,
    "end": 1564106800466,
    "duration": 1,
    "pid": 27999,
    "index": 36
  },
  {
    "name": "Load extend/helper.js",
    "start": 1564106800467,
    "end": 1564106800490,
    "duration": 23,
    "pid": 27999,
    "index": 37
  },
  {
    "name": "Require(30) node_modules/_egg-security@1.13.2@egg-security/app/extend/helper.js",
    "start": 1564106800468,
    "end": 1564106800489,
    "duration": 21,
    "pid": 27999,
    "index": 38
  },
  {
    "name": "Require(31) node_modules/_egg@1.19.0@egg/app/extend/helper.js",
    "start": 1564106800489,
    "end": 1564106800489,
    "duration": 0,
    "pid": 27999,
    "index": 39
  },
  {
    "name": "Load app.js",
    "start": 1564106800490,
    "end": 1564106800804,
    "duration": 314,
    "pid": 27999,
    "index": 40
  },
  {
    "name": "Require(32) node_modules/_egg-session@2.2.0@egg-session/app.js",
    "start": 1564106800490,
    "end": 1564106800490,
    "duration": 0,
    "pid": 27999,
    "index": 41
  },
  {
    "name": "Require(33) node_modules/_egg-security@1.13.2@egg-security/app.js",
    "start": 1564106800491,
    "end": 1564106800491,
    "duration": 0,
    "pid": 27999,
    "index": 42
  },
  {
    "name": "Require(34) node_modules/_egg-onerror@1.6.0@egg-onerror/app.js",
    "start": 1564106800492,
    "end": 1564106800505,
    "duration": 13,
    "pid": 27999,
    "index": 43
  },
  {
    "name": "Require(35) node_modules/_egg-i18n@1.2.0@egg-i18n/app.js",
    "start": 1564106800506,
    "end": 1564106800523,
    "duration": 17,
    "pid": 27999,
    "index": 44
  },
  {
    "name": "Require(36) node_modules/_egg-watcher@2.2.0@egg-watcher/app.js",
    "start": 1564106800525,
    "end": 1564106800527,
    "duration": 2,
    "pid": 27999,
    "index": 45
  },
  {
    "name": "Before Start in node_modules/_egg-watcher@2.2.0@egg-watcher/app.js:15:7",
    "start": 1564106800542,
    "end": 1564106801601,
    "duration": 1059,
    "pid": 27999,
    "index": 46
  },
  {
    "name": "Require(37) node_modules/_egg-multipart@1.5.1@egg-multipart/app.js",
    "start": 1564106800544,
    "end": 1564106800569,
    "duration": 25,
    "pid": 27999,
    "index": 47
  },
  {
    "name": "Require(38) node_modules/_egg-schedule@2.6.0@egg-schedule/app.js",
    "start": 1564106800571,
    "end": 1564106800573,
    "duration": 2,
    "pid": 27999,
    "index": 48
  },
  {
    "name": "Require(39) node_modules/_egg-logrotator@2.3.3@egg-logrotator/app.js",
    "start": 1564106800660,
    "end": 1564106800660,
    "duration": 0,
    "pid": 27999,
    "index": 49
  },
  {
    "name": "Require(40) node_modules/_egg-static@1.5.1@egg-static/app.js",
    "start": 1564106800660,
    "end": 1564106800661,
    "duration": 1,
    "pid": 27999,
    "index": 50
  },
  {
    "name": "Require(41) node_modules/_egg-validate@1.1.1@egg-validate/app.js",
    "start": 1564106800662,
    "end": 1564106800663,
    "duration": 1,
    "pid": 27999,
    "index": 51
  },
  {
    "name": "Require(42) node_modules/_egg-mysql@3.0.0@egg-mysql/app.js",
    "start": 1564106800663,
    "end": 1564106800735,
    "duration": 72,
    "pid": 27999,
    "index": 52
  },
  {
    "name": "Before Start in node_modules/_egg-mysql@3.0.0@egg-mysql/lib/mysql.js:20:7",
    "start": 1564106800804,
    "end": 1564106801657,
    "duration": 853,
    "pid": 27999,
    "index": 53
  },
  {
    "name": "Require(43) node_modules/_egg-cors@2.2.0@egg-cors/app.js",
    "start": 1564106800804,
    "end": 1564106800804,
    "duration": 0,
    "pid": 27999,
    "index": 54
  },
  {
    "name": "Load Service",
    "start": 1564106800804,
    "end": 1564106800818,
    "duration": 14,
    "pid": 27999,
    "index": 55
  },
  {
    "name": "Load \"service\" to Context",
    "start": 1564106800805,
    "end": 1564106800818,
    "duration": 13,
    "pid": 27999,
    "index": 56
  },
  {
    "name": "Load Middleware",
    "start": 1564106800819,
    "end": 1564106800904,
    "duration": 85,
    "pid": 27999,
    "index": 57
  },
  {
    "name": "Load \"middlewares\" to Application",
    "start": 1564106800819,
    "end": 1564106800881,
    "duration": 62,
    "pid": 27999,
    "index": 58
  },
  {
    "name": "Load Controller",
    "start": 1564106800904,
    "end": 1564106801553,
    "duration": 649,
    "pid": 27999,
    "index": 59
  },
  {
    "name": "Load \"controller\" to Application",
    "start": 1564106800904,
    "end": 1564106801553,
    "duration": 649,
    "pid": 27999,
    "index": 60
  },
  {
    "name": "Load Router",
    "start": 1564106801553,
    "end": 1564106801556,
    "duration": 3,
    "pid": 27999,
    "index": 61
  },
  {
    "name": "Require(44) app/router.js",
    "start": 1564106801553,
    "end": 1564106801553,
    "duration": 0,
    "pid": 27999,
    "index": 62
  },
  {
    "name": "Before Start in node_modules/_egg-core@3.21.4@egg-core/lib/egg.js:330:10",
    "start": 1564106801554,
    "end": 1564106801582,
    "duration": 28,
    "pid": 27999,
    "index": 63
  }
]