[
  {
    "name": "Application Start",
    "start": 1564070776350,
    "end": 1564070776855,
    "duration": 505,
    "pid": 27128,
    "index": 0
  },
  {
    "name": "Load Plugin",
    "start": 1564070776353,
    "end": 1564070776360,
    "duration": 7,
    "pid": 27128,
    "index": 1
  },
  {
    "name": "Load Config",
    "start": 1564070776360,
    "end": 1564070776368,
    "duration": 8,
    "pid": 27128,
    "index": 2
  },
  {
    "name": "Require(0) config/config.default.js",
    "start": 1564070776360,
    "end": 1564070776361,
    "duration": 1,
    "pid": 27128,
    "index": 3
  },
  {
    "name": "Require(1) node_modules/_egg-session@2.2.0@egg-session/config/config.default.js",
    "start": 1564070776362,
    "end": 1564070776362,
    "duration": 0,
    "pid": 27128,
    "index": 4
  },
  {
    "name": "Require(2) node_modules/_egg-security@1.13.2@egg-security/config/config.default.js",
    "start": 1564070776362,
    "end": 1564070776362,
    "duration": 0,
    "pid": 27128,
    "index": 5
  },
  {
    "name": "Require(3) node_modules/_egg-jsonp@1.2.2@egg-jsonp/config/config.default.js",
    "start": 1564070776362,
    "end": 1564070776363,
    "duration": 1,
    "pid": 27128,
    "index": 6
  },
  {
    "name": "Require(4) node_modules/_egg-onerror@1.6.0@egg-onerror/config/config.default.js",
    "start": 1564070776363,
    "end": 1564070776363,
    "duration": 0,
    "pid": 27128,
    "index": 7
  },
  {
    "name": "Require(5) node_modules/_egg-i18n@1.2.0@egg-i18n/config/config.default.js",
    "start": 1564070776363,
    "end": 1564070776363,
    "duration": 0,
    "pid": 27128,
    "index": 8
  },
  {
    "name": "Require(6) node_modules/_egg-watcher@2.2.0@egg-watcher/config/config.default.js",
    "start": 1564070776363,
    "end": 1564070776363,
    "duration": 0,
    "pid": 27128,
    "index": 9
  },
  {
    "name": "Require(7) node_modules/_egg-multipart@1.5.1@egg-multipart/config/config.default.js",
    "start": 1564070776364,
    "end": 1564070776364,
    "duration": 0,
    "pid": 27128,
    "index": 10
  },
  {
    "name": "Require(8) node_modules/_egg-development@1.4.2@egg-development/config/config.default.js",
    "start": 1564070776364,
    "end": 1564070776364,
    "duration": 0,
    "pid": 27128,
    "index": 11
  },
  {
    "name": "Require(9) node_modules/_egg-logrotator@2.3.3@egg-logrotator/config/config.default.js",
    "start": 1564070776364,
    "end": 1564070776364,
    "duration": 0,
    "pid": 27128,
    "index": 12
  },
  {
    "name": "Require(10) node_modules/_egg-static@1.5.1@egg-static/config/config.default.js",
    "start": 1564070776364,
    "end": 1564070776365,
    "duration": 1,
    "pid": 27128,
    "index": 13
  },
  {
    "name": "Require(11) node_modules/_egg-view@1.2.0@egg-view/config/config.default.js",
    "start": 1564070776365,
    "end": 1564070776365,
    "duration": 0,
    "pid": 27128,
    "index": 14
  },
  {
    "name": "Require(12) node_modules/_egg-mysql@3.0.0@egg-mysql/config/config.default.js",
    "start": 1564070776365,
    "end": 1564070776365,
    "duration": 0,
    "pid": 27128,
    "index": 15
  },
  {
    "name": "Require(13) node_modules/_egg-cors@2.2.0@egg-cors/config/config.default.js",
    "start": 1564070776365,
    "end": 1564070776365,
    "duration": 0,
    "pid": 27128,
    "index": 16
  },
  {
    "name": "Require(14) node_modules/_egg@1.19.0@egg/config/config.default.js",
    "start": 1564070776365,
    "end": 1564070776366,
    "duration": 1,
    "pid": 27128,
    "index": 17
  },
  {
    "name": "Require(15) config/config.default.js",
    "start": 1564070776367,
    "end": 1564070776367,
    "duration": 0,
    "pid": 27128,
    "index": 18
  },
  {
    "name": "Require(16) node_modules/_egg-security@1.13.2@egg-security/config/config.local.js",
    "start": 1564070776367,
    "end": 1564070776367,
    "duration": 0,
    "pid": 27128,
    "index": 19
  },
  {
    "name": "Require(17) node_modules/_egg-watcher@2.2.0@egg-watcher/config/config.local.js",
    "start": 1564070776367,
    "end": 1564070776367,
    "duration": 0,
    "pid": 27128,
    "index": 20
  },
  {
    "name": "Require(18) node_modules/_egg-view@1.2.0@egg-view/config/config.local.js",
    "start": 1564070776367,
    "end": 1564070776367,
    "duration": 0,
    "pid": 27128,
    "index": 21
  },
  {
    "name": "Require(19) node_modules/_egg@1.19.0@egg/config/config.local.js",
    "start": 1564070776368,
    "end": 1564070776368,
    "duration": 0,
    "pid": 27128,
    "index": 22
  },
  {
    "name": "Load extend/application.js",
    "start": 1564070776369,
    "end": 1564070776372,
    "duration": 3,
    "pid": 27128,
    "index": 23
  },
  {
    "name": "Require(20) node_modules/_egg-session@2.2.0@egg-session/app/extend/application.js",
    "start": 1564070776369,
    "end": 1564070776369,
    "duration": 0,
    "pid": 27128,
    "index": 24
  },
  {
    "name": "Require(21) node_modules/_egg-security@1.13.2@egg-security/app/extend/application.js",
    "start": 1564070776369,
    "end": 1564070776370,
    "duration": 1,
    "pid": 27128,
    "index": 25
  },
  {
    "name": "Require(22) node_modules/_egg-jsonp@1.2.2@egg-jsonp/app/extend/application.js",
    "start": 1564070776370,
    "end": 1564070776370,
    "duration": 0,
    "pid": 27128,
    "index": 26
  },
  {
    "name": "Require(23) node_modules/_egg-logrotator@2.3.3@egg-logrotator/app/extend/application.js",
    "start": 1564070776371,
    "end": 1564070776371,
    "duration": 0,
    "pid": 27128,
    "index": 27
  },
  {
    "name": "Require(24) node_modules/_egg-view@1.2.0@egg-view/app/extend/application.js",
    "start": 1564070776371,
    "end": 1564070776372,
    "duration": 1,
    "pid": 27128,
    "index": 28
  },
  {
    "name": "Load extend/request.js",
    "start": 1564070776372,
    "end": 1564070776374,
    "duration": 2,
    "pid": 27128,
    "index": 29
  },
  {
    "name": "Require(25) node_modules/_egg@1.19.0@egg/app/extend/request.js",
    "start": 1564070776373,
    "end": 1564070776373,
    "duration": 0,
    "pid": 27128,
    "index": 30
  },
  {
    "name": "Load extend/response.js",
    "start": 1564070776374,
    "end": 1564070776375,
    "duration": 1,
    "pid": 27128,
    "index": 31
  },
  {
    "name": "Require(26) node_modules/_egg@1.19.0@egg/app/extend/response.js",
    "start": 1564070776374,
    "end": 1564070776375,
    "duration": 1,
    "pid": 27128,
    "index": 32
  },
  {
    "name": "Load extend/context.js",
    "start": 1564070776375,
    "end": 1564070776437,
    "duration": 62,
    "pid": 27128,
    "index": 33
  },
  {
    "name": "Require(27) node_modules/_egg-security@1.13.2@egg-security/app/extend/context.js",
    "start": 1564070776375,
    "end": 1564070776392,
    "duration": 17,
    "pid": 27128,
    "index": 34
  },
  {
    "name": "Require(28) node_modules/_egg-jsonp@1.2.2@egg-jsonp/app/extend/context.js",
    "start": 1564070776392,
    "end": 1564070776393,
    "duration": 1,
    "pid": 27128,
    "index": 35
  },
  {
    "name": "Require(29) node_modules/_egg-i18n@1.2.0@egg-i18n/app/extend/context.js",
    "start": 1564070776393,
    "end": 1564070776394,
    "duration": 1,
    "pid": 27128,
    "index": 36
  },
  {
    "name": "Require(30) node_modules/_egg-multipart@1.5.1@egg-multipart/app/extend/context.js",
    "start": 1564070776394,
    "end": 1564070776434,
    "duration": 40,
    "pid": 27128,
    "index": 37
  },
  {
    "name": "Require(31) node_modules/_egg-view@1.2.0@egg-view/app/extend/context.js",
    "start": 1564070776434,
    "end": 1564070776435,
    "duration": 1,
    "pid": 27128,
    "index": 38
  },
  {
    "name": "Require(32) node_modules/_egg-validate@1.1.1@egg-validate/app/extend/context.js",
    "start": 1564070776435,
    "end": 1564070776435,
    "duration": 0,
    "pid": 27128,
    "index": 39
  },
  {
    "name": "Require(33) node_modules/_egg@1.19.0@egg/app/extend/context.js",
    "start": 1564070776435,
    "end": 1564070776436,
    "duration": 1,
    "pid": 27128,
    "index": 40
  },
  {
    "name": "Load extend/helper.js",
    "start": 1564070776437,
    "end": 1564070776447,
    "duration": 10,
    "pid": 27128,
    "index": 41
  },
  {
    "name": "Require(34) node_modules/_egg-security@1.13.2@egg-security/app/extend/helper.js",
    "start": 1564070776437,
    "end": 1564070776445,
    "duration": 8,
    "pid": 27128,
    "index": 42
  },
  {
    "name": "Require(35) node_modules/_egg@1.19.0@egg/app/extend/helper.js",
    "start": 1564070776445,
    "end": 1564070776446,
    "duration": 1,
    "pid": 27128,
    "index": 43
  },
  {
    "name": "Load app.js",
    "start": 1564070776447,
    "end": 1564070776536,
    "duration": 89,
    "pid": 27128,
    "index": 44
  },
  {
    "name": "Require(36) node_modules/_egg-session@2.2.0@egg-session/app.js",
    "start": 1564070776447,
    "end": 1564070776447,
    "duration": 0,
    "pid": 27128,
    "index": 45
  },
  {
    "name": "Require(37) node_modules/_egg-security@1.13.2@egg-security/app.js",
    "start": 1564070776448,
    "end": 1564070776448,
    "duration": 0,
    "pid": 27128,
    "index": 46
  },
  {
    "name": "Require(38) node_modules/_egg-onerror@1.6.0@egg-onerror/app.js",
    "start": 1564070776450,
    "end": 1564070776455,
    "duration": 5,
    "pid": 27128,
    "index": 47
  },
  {
    "name": "Require(39) node_modules/_egg-i18n@1.2.0@egg-i18n/app.js",
    "start": 1564070776455,
    "end": 1564070776458,
    "duration": 3,
    "pid": 27128,
    "index": 48
  },
  {
    "name": "Require(40) node_modules/_egg-watcher@2.2.0@egg-watcher/app.js",
    "start": 1564070776460,
    "end": 1564070776461,
    "duration": 1,
    "pid": 27128,
    "index": 49
  },
  {
    "name": "Before Start in node_modules/_egg-watcher@2.2.0@egg-watcher/app.js:15:7",
    "start": 1564070776471,
    "end": 1564070776821,
    "duration": 350,
    "pid": 27128,
    "index": 50
  },
  {
    "name": "Require(41) node_modules/_egg-multipart@1.5.1@egg-multipart/app.js",
    "start": 1564070776472,
    "end": 1564070776475,
    "duration": 3,
    "pid": 27128,
    "index": 51
  },
  {
    "name": "Require(42) node_modules/_egg-development@1.4.2@egg-development/app.js",
    "start": 1564070776476,
    "end": 1564070776476,
    "duration": 0,
    "pid": 27128,
    "index": 52
  },
  {
    "name": "Before Start in node_modules/_egg-development@1.4.2@egg-development/app.js:12:7",
    "start": 1564070776477,
    "end": 1564070776819,
    "duration": 342,
    "pid": 27128,
    "index": 53
  },
  {
    "name": "Require(43) node_modules/_egg-schedule@2.6.0@egg-schedule/app.js",
    "start": 1564070776477,
    "end": 1564070776477,
    "duration": 0,
    "pid": 27128,
    "index": 54
  },
  {
    "name": "Require(44) node_modules/_egg-logrotator@2.3.3@egg-logrotator/app.js",
    "start": 1564070776503,
    "end": 1564070776503,
    "duration": 0,
    "pid": 27128,
    "index": 55
  },
  {
    "name": "Require(45) node_modules/_egg-static@1.5.1@egg-static/app.js",
    "start": 1564070776503,
    "end": 1564070776503,
    "duration": 0,
    "pid": 27128,
    "index": 56
  },
  {
    "name": "Require(46) node_modules/_egg-validate@1.1.1@egg-validate/app.js",
    "start": 1564070776503,
    "end": 1564070776504,
    "duration": 1,
    "pid": 27128,
    "index": 57
  },
  {
    "name": "Require(47) node_modules/_egg-mysql@3.0.0@egg-mysql/app.js",
    "start": 1564070776504,
    "end": 1564070776509,
    "duration": 5,
    "pid": 27128,
    "index": 58
  },
  {
    "name": "Before Start in node_modules/_egg-mysql@3.0.0@egg-mysql/lib/mysql.js:20:7",
    "start": 1564070776536,
    "end": 1564070776855,
    "duration": 319,
    "pid": 27128,
    "index": 59
  },
  {
    "name": "Require(48) node_modules/_egg-cors@2.2.0@egg-cors/app.js",
    "start": 1564070776536,
    "end": 1564070776536,
    "duration": 0,
    "pid": 27128,
    "index": 60
  },
  {
    "name": "Load Service",
    "start": 1564070776536,
    "end": 1564070776539,
    "duration": 3,
    "pid": 27128,
    "index": 61
  },
  {
    "name": "Load \"service\" to Context",
    "start": 1564070776536,
    "end": 1564070776539,
    "duration": 3,
    "pid": 27128,
    "index": 62
  },
  {
    "name": "Load Middleware",
    "start": 1564070776539,
    "end": 1564070776570,
    "duration": 31,
    "pid": 27128,
    "index": 63
  },
  {
    "name": "Load \"middlewares\" to Application",
    "start": 1564070776539,
    "end": 1564070776565,
    "duration": 26,
    "pid": 27128,
    "index": 64
  },
  {
    "name": "Load Controller",
    "start": 1564070776570,
    "end": 1564070776804,
    "duration": 234,
    "pid": 27128,
    "index": 65
  },
  {
    "name": "Load \"controller\" to Application",
    "start": 1564070776570,
    "end": 1564070776804,
    "duration": 234,
    "pid": 27128,
    "index": 66
  },
  {
    "name": "Load Router",
    "start": 1564070776804,
    "end": 1564070776806,
    "duration": 2,
    "pid": 27128,
    "index": 67
  },
  {
    "name": "Require(49) app/router.js",
    "start": 1564070776804,
    "end": 1564070776804,
    "duration": 0,
    "pid": 27128,
    "index": 68
  },
  {
    "name": "Before Start in node_modules/_egg-core@3.21.4@egg-core/lib/egg.js:330:10",
    "start": 1564070776805,
    "end": 1564070776814,
    "duration": 9,
    "pid": 27128,
    "index": 69
  }
]