[
  {
    "name": "Application Start",
    "start": 1564070844435,
    "end": 1564070844935,
    "duration": 500,
    "pid": 27180,
    "index": 0
  },
  {
    "name": "Load Plugin",
    "start": 1564070844439,
    "end": 1564070844447,
    "duration": 8,
    "pid": 27180,
    "index": 1
  },
  {
    "name": "Load Config",
    "start": 1564070844447,
    "end": 1564070844455,
    "duration": 8,
    "pid": 27180,
    "index": 2
  },
  {
    "name": "Require(0) config/config.default.js",
    "start": 1564070844447,
    "end": 1564070844448,
    "duration": 1,
    "pid": 27180,
    "index": 3
  },
  {
    "name": "Require(1) node_modules/_egg-session@2.2.0@egg-session/config/config.default.js",
    "start": 1564070844448,
    "end": 1564070844449,
    "duration": 1,
    "pid": 27180,
    "index": 4
  },
  {
    "name": "Require(2) node_modules/_egg-security@1.13.2@egg-security/config/config.default.js",
    "start": 1564070844449,
    "end": 1564070844449,
    "duration": 0,
    "pid": 27180,
    "index": 5
  },
  {
    "name": "Require(3) node_modules/_egg-jsonp@1.2.2@egg-jsonp/config/config.default.js",
    "start": 1564070844449,
    "end": 1564070844450,
    "duration": 1,
    "pid": 27180,
    "index": 6
  },
  {
    "name": "Require(4) node_modules/_egg-onerror@1.6.0@egg-onerror/config/config.default.js",
    "start": 1564070844450,
    "end": 1564070844450,
    "duration": 0,
    "pid": 27180,
    "index": 7
  },
  {
    "name": "Require(5) node_modules/_egg-i18n@1.2.0@egg-i18n/config/config.default.js",
    "start": 1564070844450,
    "end": 1564070844450,
    "duration": 0,
    "pid": 27180,
    "index": 8
  },
  {
    "name": "Require(6) node_modules/_egg-watcher@2.2.0@egg-watcher/config/config.default.js",
    "start": 1564070844450,
    "end": 1564070844450,
    "duration": 0,
    "pid": 27180,
    "index": 9
  },
  {
    "name": "Require(7) node_modules/_egg-multipart@1.5.1@egg-multipart/config/config.default.js",
    "start": 1564070844450,
    "end": 1564070844451,
    "duration": 1,
    "pid": 27180,
    "index": 10
  },
  {
    "name": "Require(8) node_modules/_egg-development@1.4.2@egg-development/config/config.default.js",
    "start": 1564070844451,
    "end": 1564070844451,
    "duration": 0,
    "pid": 27180,
    "index": 11
  },
  {
    "name": "Require(9) node_modules/_egg-logrotator@2.3.3@egg-logrotator/config/config.default.js",
    "start": 1564070844451,
    "end": 1564070844451,
    "duration": 0,
    "pid": 27180,
    "index": 12
  },
  {
    "name": "Require(10) node_modules/_egg-static@1.5.1@egg-static/config/config.default.js",
    "start": 1564070844451,
    "end": 1564070844451,
    "duration": 0,
    "pid": 27180,
    "index": 13
  },
  {
    "name": "Require(11) node_modules/_egg-view@1.2.0@egg-view/config/config.default.js",
    "start": 1564070844451,
    "end": 1564070844452,
    "duration": 1,
    "pid": 27180,
    "index": 14
  },
  {
    "name": "Require(12) node_modules/_egg-mysql@3.0.0@egg-mysql/config/config.default.js",
    "start": 1564070844452,
    "end": 1564070844452,
    "duration": 0,
    "pid": 27180,
    "index": 15
  },
  {
    "name": "Require(13) node_modules/_egg-cors@2.2.0@egg-cors/config/config.default.js",
    "start": 1564070844452,
    "end": 1564070844452,
    "duration": 0,
    "pid": 27180,
    "index": 16
  },
  {
    "name": "Require(14) node_modules/_egg@1.19.0@egg/config/config.default.js",
    "start": 1564070844452,
    "end": 1564070844453,
    "duration": 1,
    "pid": 27180,
    "index": 17
  },
  {
    "name": "Require(15) config/config.default.js",
    "start": 1564070844453,
    "end": 1564070844453,
    "duration": 0,
    "pid": 27180,
    "index": 18
  },
  {
    "name": "Require(16) node_modules/_egg-security@1.13.2@egg-security/config/config.local.js",
    "start": 1564070844453,
    "end": 1564070844454,
    "duration": 1,
    "pid": 27180,
    "index": 19
  },
  {
    "name": "Require(17) node_modules/_egg-watcher@2.2.0@egg-watcher/config/config.local.js",
    "start": 1564070844454,
    "end": 1564070844454,
    "duration": 0,
    "pid": 27180,
    "index": 20
  },
  {
    "name": "Require(18) node_modules/_egg-view@1.2.0@egg-view/config/config.local.js",
    "start": 1564070844454,
    "end": 1564070844454,
    "duration": 0,
    "pid": 27180,
    "index": 21
  },
  {
    "name": "Require(19) node_modules/_egg@1.19.0@egg/config/config.local.js",
    "start": 1564070844454,
    "end": 1564070844454,
    "duration": 0,
    "pid": 27180,
    "index": 22
  },
  {
    "name": "Load extend/application.js",
    "start": 1564070844456,
    "end": 1564070844459,
    "duration": 3,
    "pid": 27180,
    "index": 23
  },
  {
    "name": "Require(20) node_modules/_egg-session@2.2.0@egg-session/app/extend/application.js",
    "start": 1564070844456,
    "end": 1564070844456,
    "duration": 0,
    "pid": 27180,
    "index": 24
  },
  {
    "name": "Require(21) node_modules/_egg-security@1.13.2@egg-security/app/extend/application.js",
    "start": 1564070844456,
    "end": 1564070844457,
    "duration": 1,
    "pid": 27180,
    "index": 25
  },
  {
    "name": "Require(22) node_modules/_egg-jsonp@1.2.2@egg-jsonp/app/extend/application.js",
    "start": 1564070844457,
    "end": 1564070844457,
    "duration": 0,
    "pid": 27180,
    "index": 26
  },
  {
    "name": "Require(23) node_modules/_egg-logrotator@2.3.3@egg-logrotator/app/extend/application.js",
    "start": 1564070844458,
    "end": 1564070844458,
    "duration": 0,
    "pid": 27180,
    "index": 27
  },
  {
    "name": "Require(24) node_modules/_egg-view@1.2.0@egg-view/app/extend/application.js",
    "start": 1564070844458,
    "end": 1564070844459,
    "duration": 1,
    "pid": 27180,
    "index": 28
  },
  {
    "name": "Load extend/request.js",
    "start": 1564070844459,
    "end": 1564070844461,
    "duration": 2,
    "pid": 27180,
    "index": 29
  },
  {
    "name": "Require(25) node_modules/_egg@1.19.0@egg/app/extend/request.js",
    "start": 1564070844460,
    "end": 1564070844460,
    "duration": 0,
    "pid": 27180,
    "index": 30
  },
  {
    "name": "Load extend/response.js",
    "start": 1564070844461,
    "end": 1564070844462,
    "duration": 1,
    "pid": 27180,
    "index": 31
  },
  {
    "name": "Require(26) node_modules/_egg@1.19.0@egg/app/extend/response.js",
    "start": 1564070844461,
    "end": 1564070844462,
    "duration": 1,
    "pid": 27180,
    "index": 32
  },
  {
    "name": "Load extend/context.js",
    "start": 1564070844462,
    "end": 1564070844494,
    "duration": 32,
    "pid": 27180,
    "index": 33
  },
  {
    "name": "Require(27) node_modules/_egg-security@1.13.2@egg-security/app/extend/context.js",
    "start": 1564070844462,
    "end": 1564070844465,
    "duration": 3,
    "pid": 27180,
    "index": 34
  },
  {
    "name": "Require(28) node_modules/_egg-jsonp@1.2.2@egg-jsonp/app/extend/context.js",
    "start": 1564070844465,
    "end": 1564070844466,
    "duration": 1,
    "pid": 27180,
    "index": 35
  },
  {
    "name": "Require(29) node_modules/_egg-i18n@1.2.0@egg-i18n/app/extend/context.js",
    "start": 1564070844466,
    "end": 1564070844466,
    "duration": 0,
    "pid": 27180,
    "index": 36
  },
  {
    "name": "Require(30) node_modules/_egg-multipart@1.5.1@egg-multipart/app/extend/context.js",
    "start": 1564070844466,
    "end": 1564070844492,
    "duration": 26,
    "pid": 27180,
    "index": 37
  },
  {
    "name": "Require(31) node_modules/_egg-view@1.2.0@egg-view/app/extend/context.js",
    "start": 1564070844492,
    "end": 1564070844493,
    "duration": 1,
    "pid": 27180,
    "index": 38
  },
  {
    "name": "Require(32) node_modules/_egg-validate@1.1.1@egg-validate/app/extend/context.js",
    "start": 1564070844493,
    "end": 1564070844493,
    "duration": 0,
    "pid": 27180,
    "index": 39
  },
  {
    "name": "Require(33) node_modules/_egg@1.19.0@egg/app/extend/context.js",
    "start": 1564070844493,
    "end": 1564070844494,
    "duration": 1,
    "pid": 27180,
    "index": 40
  },
  {
    "name": "Load extend/helper.js",
    "start": 1564070844494,
    "end": 1564070844502,
    "duration": 8,
    "pid": 27180,
    "index": 41
  },
  {
    "name": "Require(34) node_modules/_egg-security@1.13.2@egg-security/app/extend/helper.js",
    "start": 1564070844494,
    "end": 1564070844501,
    "duration": 7,
    "pid": 27180,
    "index": 42
  },
  {
    "name": "Require(35) node_modules/_egg@1.19.0@egg/app/extend/helper.js",
    "start": 1564070844502,
    "end": 1564070844502,
    "duration": 0,
    "pid": 27180,
    "index": 43
  },
  {
    "name": "Load app.js",
    "start": 1564070844502,
    "end": 1564070844594,
    "duration": 92,
    "pid": 27180,
    "index": 44
  },
  {
    "name": "Require(36) node_modules/_egg-session@2.2.0@egg-session/app.js",
    "start": 1564070844502,
    "end": 1564070844503,
    "duration": 1,
    "pid": 27180,
    "index": 45
  },
  {
    "name": "Require(37) node_modules/_egg-security@1.13.2@egg-security/app.js",
    "start": 1564070844503,
    "end": 1564070844503,
    "duration": 0,
    "pid": 27180,
    "index": 46
  },
  {
    "name": "Require(38) node_modules/_egg-onerror@1.6.0@egg-onerror/app.js",
    "start": 1564070844505,
    "end": 1564070844511,
    "duration": 6,
    "pid": 27180,
    "index": 47
  },
  {
    "name": "Require(39) node_modules/_egg-i18n@1.2.0@egg-i18n/app.js",
    "start": 1564070844511,
    "end": 1564070844517,
    "duration": 6,
    "pid": 27180,
    "index": 48
  },
  {
    "name": "Require(40) node_modules/_egg-watcher@2.2.0@egg-watcher/app.js",
    "start": 1564070844518,
    "end": 1564070844519,
    "duration": 1,
    "pid": 27180,
    "index": 49
  },
  {
    "name": "Before Start in node_modules/_egg-watcher@2.2.0@egg-watcher/app.js:15:7",
    "start": 1564070844528,
    "end": 1564070844907,
    "duration": 379,
    "pid": 27180,
    "index": 50
  },
  {
    "name": "Require(41) node_modules/_egg-multipart@1.5.1@egg-multipart/app.js",
    "start": 1564070844529,
    "end": 1564070844530,
    "duration": 1,
    "pid": 27180,
    "index": 51
  },
  {
    "name": "Require(42) node_modules/_egg-development@1.4.2@egg-development/app.js",
    "start": 1564070844531,
    "end": 1564070844531,
    "duration": 0,
    "pid": 27180,
    "index": 52
  },
  {
    "name": "Before Start in node_modules/_egg-development@1.4.2@egg-development/app.js:12:7",
    "start": 1564070844532,
    "end": 1564070844904,
    "duration": 372,
    "pid": 27180,
    "index": 53
  },
  {
    "name": "Require(43) node_modules/_egg-schedule@2.6.0@egg-schedule/app.js",
    "start": 1564070844532,
    "end": 1564070844534,
    "duration": 2,
    "pid": 27180,
    "index": 54
  },
  {
    "name": "Require(44) node_modules/_egg-logrotator@2.3.3@egg-logrotator/app.js",
    "start": 1564070844556,
    "end": 1564070844556,
    "duration": 0,
    "pid": 27180,
    "index": 55
  },
  {
    "name": "Require(45) node_modules/_egg-static@1.5.1@egg-static/app.js",
    "start": 1564070844556,
    "end": 1564070844556,
    "duration": 0,
    "pid": 27180,
    "index": 56
  },
  {
    "name": "Require(46) node_modules/_egg-validate@1.1.1@egg-validate/app.js",
    "start": 1564070844556,
    "end": 1564070844557,
    "duration": 1,
    "pid": 27180,
    "index": 57
  },
  {
    "name": "Require(47) node_modules/_egg-mysql@3.0.0@egg-mysql/app.js",
    "start": 1564070844557,
    "end": 1564070844566,
    "duration": 9,
    "pid": 27180,
    "index": 58
  },
  {
    "name": "Before Start in node_modules/_egg-mysql@3.0.0@egg-mysql/lib/mysql.js:20:7",
    "start": 1564070844593,
    "end": 1564070844934,
    "duration": 341,
    "pid": 27180,
    "index": 59
  },
  {
    "name": "Require(48) node_modules/_egg-cors@2.2.0@egg-cors/app.js",
    "start": 1564070844594,
    "end": 1564070844594,
    "duration": 0,
    "pid": 27180,
    "index": 60
  },
  {
    "name": "Load Service",
    "start": 1564070844594,
    "end": 1564070844597,
    "duration": 3,
    "pid": 27180,
    "index": 61
  },
  {
    "name": "Load \"service\" to Context",
    "start": 1564070844594,
    "end": 1564070844597,
    "duration": 3,
    "pid": 27180,
    "index": 62
  },
  {
    "name": "Load Middleware",
    "start": 1564070844597,
    "end": 1564070844631,
    "duration": 34,
    "pid": 27180,
    "index": 63
  },
  {
    "name": "Load \"middlewares\" to Application",
    "start": 1564070844597,
    "end": 1564070844626,
    "duration": 29,
    "pid": 27180,
    "index": 64
  },
  {
    "name": "Load Controller",
    "start": 1564070844631,
    "end": 1564070844888,
    "duration": 257,
    "pid": 27180,
    "index": 65
  },
  {
    "name": "Load \"controller\" to Application",
    "start": 1564070844631,
    "end": 1564070844888,
    "duration": 257,
    "pid": 27180,
    "index": 66
  },
  {
    "name": "Load Router",
    "start": 1564070844888,
    "end": 1564070844890,
    "duration": 2,
    "pid": 27180,
    "index": 67
  },
  {
    "name": "Require(49) app/router.js",
    "start": 1564070844888,
    "end": 1564070844888,
    "duration": 0,
    "pid": 27180,
    "index": 68
  },
  {
    "name": "Before Start in node_modules/_egg-core@3.21.4@egg-core/lib/egg.js:330:10",
    "start": 1564070844888,
    "end": 1564070844899,
    "duration": 11,
    "pid": 27180,
    "index": 69
  }
]