{
  "config": {
    "session": {
      "maxAge": 86400000,
      "key": "EGG_SESS",
      "httpOnly": true,
      "encrypt": true,
      "overwrite": true,
      "signed": true,
      "encode": "<Function encode>",
      "decode": "<Function decode>",
      "genid": "<Function anonymous>"
    },
    "security": {
      "domainWhiteList": [
        "http://localhost:9527",
        "http://10.52.24.53:9527"
      ],
      "protocolWhiteList": [],
      "defaultMiddleware": "csrf,hsts,methodnoallow,noopen,nosniff,csp,xssProtection,xframe,dta",
      "csrf": {
        "enable": false,
        "useSession": false,
        "ignoreJSON": true,
        "cookieName": "csrfToken",
        "sessionName": "csrfToken",
        "headerName": "x-csrf-token",
        "bodyName": "_csrf",
        "queryName": "_csrf"
      },
      "xframe": {
        "enable": true,
        "value": "SAMEORIGIN",
        "matching": "<Function anonymous>"
      },
      "hsts": {
        "enable": false,
        "maxAge": 31536000,
        "includeSubdomains": false
      },
      "dta": {
        "enable": true,
        "matching": "<Function anonymous>"
      },
      "methodnoallow": {
        "enable": true,
        "matching": "<Function anonymous>"
      },
      "noopen": {
        "enable": true,
        "matching": "<Function anonymous>"
      },
      "nosniff": {
        "enable": true,
        "matching": "<Function anonymous>"
      },
      "xssProtection": {
        "enable": true,
        "value": "1; mode=block",
        "matching": "<Function anonymous>"
      },
      "csp": {
        "enable": false,
        "policy": {}
      },
      "ssrf": {
        "ipBlackList": null,
        "checkAddress": null
      }
    },
    "helper": {
      "shtml": {}
    },
    "jsonp": {
      "limit": 50,
      "callback": [
        "_callback",
        "callback"
      ],
      "csrf": false
    },
    "onerror": {
      "errorPageUrl": "",
      "appErrorFilter": null
    },
    "i18n": {
      "defaultLocale": "en_US",
      "dirs": [
        "/Users/kunlingwu/Desktop/newDemo/cnode-api/node_modules/_egg-session@2.2.0@egg-session/config/locales",
        "/Users/kunlingwu/Desktop/newDemo/cnode-api/node_modules/_egg-security@1.13.2@egg-security/config/locales",
        "/Users/kunlingwu/Desktop/newDemo/cnode-api/node_modules/_egg-jsonp@1.2.2@egg-jsonp/config/locales",
        "/Users/kunlingwu/Desktop/newDemo/cnode-api/node_modules/_egg-onerror@1.6.0@egg-onerror/config/locales",
        "/Users/kunlingwu/Desktop/newDemo/cnode-api/node_modules/_egg-i18n@1.2.0@egg-i18n/config/locales",
        "/Users/kunlingwu/Desktop/newDemo/cnode-api/node_modules/_egg-watcher@2.2.0@egg-watcher/config/locales",
        "/Users/kunlingwu/Desktop/newDemo/cnode-api/node_modules/_egg-multipart@1.5.1@egg-multipart/config/locales",
        "/Users/kunlingwu/Desktop/newDemo/cnode-api/node_modules/_egg-development@1.4.2@egg-development/config/locales",
        "/Users/kunlingwu/Desktop/newDemo/cnode-api/node_modules/_egg-schedule@2.6.0@egg-schedule/config/locales",
        "/Users/kunlingwu/Desktop/newDemo/cnode-api/node_modules/_egg-logrotator@2.3.3@egg-logrotator/config/locales",
        "/Users/kunlingwu/Desktop/newDemo/cnode-api/node_modules/_egg-static@1.5.1@egg-static/config/locales",
        "/Users/kunlingwu/Desktop/newDemo/cnode-api/node_modules/_egg-view@1.2.0@egg-view/config/locales",
        "/Users/kunlingwu/Desktop/newDemo/cnode-api/node_modules/_egg-validate@1.1.1@egg-validate/config/locales",
        "/Users/kunlingwu/Desktop/newDemo/cnode-api/node_modules/_egg-mysql@3.0.0@egg-mysql/config/locales",
        "/Users/kunlingwu/Desktop/newDemo/cnode-api/node_modules/_egg-cors@2.2.0@egg-cors/config/locales",
        "/Users/kunlingwu/Desktop/newDemo/cnode-api/node_modules/_egg@1.19.0@egg/config/locales",
        "/Users/kunlingwu/Desktop/newDemo/cnode-api/config/locales"
      ],
      "queryField": "locale",
      "cookieField": "locale",
      "cookieMaxAge": "1y",
      "functionName": "__"
    },
    "watcher": {
      "type": "development",
      "eventSources": {
        "default": "/Users/kunlingwu/Desktop/newDemo/cnode-api/node_modules/_egg-watcher@2.2.0@egg-watcher/lib/event-sources/default",
        "development": "/Users/kunlingwu/Desktop/newDemo/cnode-api/node_modules/_egg-watcher@2.2.0@egg-watcher/lib/event-sources/development"
      }
    },
    "multipart": {
      "autoFields": false,
      "defaultCharset": "utf8",
      "fieldNameSize": 100,
      "fieldSize": 102400,
      "fields": 10,
      "fileSize": 10485760,
      "files": 10,
      "fileExtensions": [],
      "whitelist": null
    },
    "development": {
      "watchDirs": [],
      "ignoreDirs": [],
      "fastReady": false,
      "reloadOnDebug": true
    },
    "logrotator": {
      "filesRotateByHour": null,
      "hourDelimiter": "-",
      "filesRotateBySize": null,
      "maxFileSize": 52428800,
      "maxFiles": 10,
      "rotateDuration": 60000,
      "maxDays": 31
    },
    "static": {
      "prefix": "/public/",
      "dir": "/Users/kunlingwu/Desktop/newDemo/cnode-api/app/public",
      "dynamic": true,
      "preload": false,
      "buffer": false,
      "maxFiles": 1000,
      "files": "<LRU>"
    },
    "view": {
      "root": "/Users/kunlingwu/Desktop/newDemo/cnode-api/app/view",
      "cache": false,
      "defaultExtension": ".html",
      "defaultViewEngine": "",
      "mapping": {}
    },
    "mysql": {
      "default": {
        "database": null,
        "connectionLimit": 5
      },
      "app": true,
      "agent": false,
      "client": {
        "host": "111.231.94.121",
        "port": "3306",
        "user": "root",
        "password": "<String len: 0>",
        "database": "test"
      }
    },
    "cors": {
      "origin": "*",
      "allowMethods": "GET,HEAD,PUT,POST,DELETE,PATCH"
    },
    "env": "local",
    "name": "cnode-api-async",
    "keys": "<String len: 34>",
    "proxy": false,
    "maxProxyCount": 0,
    "protocolHeaders": "x-forwarded-proto",
    "ipHeaders": "x-forwarded-for",
    "hostHeaders": "",
    "pkg": {
      "name": "cnode-api-async",
      "version": "1.0.0",
      "description": "",
      "private": true,
      "dependencies": {
        "egg": "^1.10.1",
        "egg-cors": "^2.2.0",
        "egg-mysql": "^3.0.0",
        "egg-scripts": "^2.11.0",
        "egg-validate": "^1.0.0"
      },
      "devDependencies": {
        "egg-bin": "^4.3.5",
        "egg-mock": "^3.13.1"
      },
      "engines": {
        "node": ">=8.9.0"
      },
      "scripts": {
        "start": "egg-scripts start --port=7001 --daemon --title=egg-server-showcase",
        "dev": "egg-bin dev",
        "stop": "egg-scripts stop [--title=egg-server-showcase]",
        "test": "npm run test-local",
        "test-local": "egg-bin test",
        "cov": "egg-bin cov",
        "lint": "eslint .",
        "ci": "npm run lint && npm run cov",
        "autod": "autod"
      },
      "ci": {
        "version": "8"
      },
      "license": "MIT"
    },
    "baseDir": "/Users/kunlingwu/Desktop/newDemo/cnode-api",
    "HOME": "/Users/kunlingwu",
    "rundir": "/Users/kunlingwu/Desktop/newDemo/cnode-api/run",
    "dump": {
      "ignore": "<Set>"
    },
    "confusedConfigurations": {
      "bodyparser": "bodyParser",
      "notFound": "notfound",
      "sitefile": "siteFile",
      "middlewares": "middleware",
      "httpClient": "httpclient"
    },
    "notfound": {
      "pageUrl": ""
    },
    "siteFile": {
      "/favicon.ico": "<Buffer len: 14191>"
    },
    "bodyParser": {
      "enable": true,
      "encoding": "utf8",
      "formLimit": "100kb",
      "jsonLimit": "100kb",
      "strict": true,
      "queryString": {
        "arrayLimit": 100,
        "depth": 5,
        "parameterLimit": 1000
      },
      "returnRawBody": true
    },
    "logger": {
      "dir": "/Users/kunlingwu/Desktop/newDemo/cnode-api/logs/cnode-api-async",
      "encoding": "utf8",
      "env": "local",
      "level": "INFO",
      "consoleLevel": "INFO",
      "disableConsoleAfterReady": false,
      "outputJSON": false,
      "buffer": true,
      "appLogName": "cnode-api-async-web.log",
      "coreLogName": "egg-web.log",
      "agentLogName": "egg-agent.log",
      "errorLogName": "common-error.log",
      "coreLogger": {
        "consoleLevel": "WARN"
      },
      "allowDebugAtProd": false,
      "type": "application"
    },
    "httpclient": {
      "enableDNSCache": false,
      "dnsCacheMaxLength": 1000,
      "dnsCacheMaxAge": 10000,
      "request": {
        "timeout": 5000
      },
      "httpAgent": {
        "keepAlive": true,
        "freeSocketKeepAliveTimeout": 4000,
        "maxSockets": 9007199254740991,
        "maxFreeSockets": 256
      },
      "httpsAgent": {
        "keepAlive": true,
        "freeSocketKeepAliveTimeout": 4000,
        "maxSockets": 9007199254740991,
        "maxFreeSockets": 256
      }
    },
    "coreMiddleware": [
      "cors",
      "meta",
      "siteFile",
      "notfound",
      "static",
      "bodyParser",
      "overrideMethod",
      "session",
      "securities",
      "i18n"
    ],
    "workerStartTimeout": 600000,
    "cluster": {
      "listen": {
        "path": "",
        "port": 7001,
        "hostname": "127.0.0.1"
      }
    },
    "clusterClient": {
      "maxWaitTime": 60000,
      "responseTimeout": 60000
    },
    "middleware": [
      "errorHandler"
    ],
    "coreMiddlewares": "~config~coreMiddleware",
    "appMiddlewares": "~config~middleware",
    "appMiddleware": "~config~middleware",
    "multipartParseOptions": {
      "autoFields": false,
      "defCharset": "utf8",
      "limits": {
        "fieldNameSize": 100,
        "fieldSize": 102400,
        "fields": 10,
        "fileSize": 10485760,
        "files": 10
      },
      "checkFile": "<Function checkFile>"
    }
  },
  "plugins": {
    "session": {
      "enable": true,
      "package": "egg-session",
      "name": "session",
      "dependencies": [],
      "optionalDependencies": [],
      "env": [],
      "from": "/Users/kunlingwu/Desktop/newDemo/cnode-api/node_modules/_egg@1.19.0@egg/config/plugin.js",
      "path": "/Users/kunlingwu/Desktop/newDemo/cnode-api/node_modules/_egg-session@2.2.0@egg-session",
      "version": "2.2.0"
    },
    "security": {
      "enable": true,
      "package": "egg-security",
      "name": "security",
      "dependencies": [],
      "optionalDependencies": [
        "session"
      ],
      "env": [],
      "from": "/Users/kunlingwu/Desktop/newDemo/cnode-api/node_modules/_egg@1.19.0@egg/config/plugin.js",
      "path": "/Users/kunlingwu/Desktop/newDemo/cnode-api/node_modules/_egg-security@1.13.2@egg-security",
      "version": "1.13.2"
    },
    "jsonp": {
      "enable": true,
      "package": "egg-jsonp",
      "name": "jsonp",
      "dependencies": [],
      "optionalDependencies": [
        "security"
      ],
      "env": [],
      "from": "/Users/kunlingwu/Desktop/newDemo/cnode-api/node_modules/_egg@1.19.0@egg/config/plugin.js",
      "path": "/Users/kunlingwu/Desktop/newDemo/cnode-api/node_modules/_egg-jsonp@1.2.2@egg-jsonp",
      "version": "1.2.2"
    },
    "onerror": {
      "enable": true,
      "package": "egg-onerror",
      "name": "onerror",
      "dependencies": [],
      "optionalDependencies": [
        "jsonp"
      ],
      "env": [],
      "from": "/Users/kunlingwu/Desktop/newDemo/cnode-api/node_modules/_egg@1.19.0@egg/config/plugin.js",
      "path": "/Users/kunlingwu/Desktop/newDemo/cnode-api/node_modules/_egg-onerror@1.6.0@egg-onerror",
      "version": "1.6.0"
    },
    "i18n": {
      "enable": true,
      "package": "egg-i18n",
      "name": "i18n",
      "dependencies": [],
      "optionalDependencies": [],
      "env": [],
      "from": "/Users/kunlingwu/Desktop/newDemo/cnode-api/node_modules/_egg@1.19.0@egg/config/plugin.js",
      "path": "/Users/kunlingwu/Desktop/newDemo/cnode-api/node_modules/_egg-i18n@1.2.0@egg-i18n",
      "version": "1.2.0"
    },
    "watcher": {
      "enable": true,
      "package": "egg-watcher",
      "name": "watcher",
      "dependencies": [],
      "optionalDependencies": [],
      "env": [],
      "from": "/Users/kunlingwu/Desktop/newDemo/cnode-api/node_modules/_egg@1.19.0@egg/config/plugin.js",
      "path": "/Users/kunlingwu/Desktop/newDemo/cnode-api/node_modules/_egg-watcher@2.2.0@egg-watcher",
      "version": "2.2.0"
    },
    "multipart": {
      "enable": true,
      "package": "egg-multipart",
      "name": "multipart",
      "dependencies": [],
      "optionalDependencies": [],
      "env": [],
      "from": "/Users/kunlingwu/Desktop/newDemo/cnode-api/node_modules/_egg@1.19.0@egg/config/plugin.js",
      "path": "/Users/kunlingwu/Desktop/newDemo/cnode-api/node_modules/_egg-multipart@1.5.1@egg-multipart",
      "version": "1.5.1"
    },
    "development": {
      "enable": true,
      "package": "egg-development",
      "name": "development",
      "dependencies": [
        "watcher"
      ],
      "optionalDependencies": [],
      "env": [
        "local"
      ],
      "from": "/Users/kunlingwu/Desktop/newDemo/cnode-api/node_modules/_egg@1.19.0@egg/config/plugin.js",
      "path": "/Users/kunlingwu/Desktop/newDemo/cnode-api/node_modules/_egg-development@1.4.2@egg-development",
      "version": "1.4.2"
    },
    "schedule": {
      "enable": true,
      "package": "egg-schedule",
      "name": "schedule",
      "dependencies": [],
      "optionalDependencies": [],
      "env": [],
      "from": "/Users/kunlingwu/Desktop/newDemo/cnode-api/node_modules/_egg@1.19.0@egg/config/plugin.js",
      "path": "/Users/kunlingwu/Desktop/newDemo/cnode-api/node_modules/_egg-schedule@2.6.0@egg-schedule",
      "version": "2.6.0"
    },
    "logrotator": {
      "enable": true,
      "package": "egg-logrotator",
      "name": "logrotator",
      "dependencies": [
        "schedule"
      ],
      "optionalDependencies": [],
      "env": [],
      "from": "/Users/kunlingwu/Desktop/newDemo/cnode-api/node_modules/_egg@1.19.0@egg/config/plugin.js",
      "path": "/Users/kunlingwu/Desktop/newDemo/cnode-api/node_modules/_egg-logrotator@2.3.3@egg-logrotator",
      "version": "2.3.3"
    },
    "static": {
      "enable": true,
      "package": "egg-static",
      "name": "static",
      "dependencies": [],
      "optionalDependencies": [],
      "env": [],
      "from": "/Users/kunlingwu/Desktop/newDemo/cnode-api/node_modules/_egg@1.19.0@egg/config/plugin.js",
      "path": "/Users/kunlingwu/Desktop/newDemo/cnode-api/node_modules/_egg-static@1.5.1@egg-static",
      "version": "1.5.1"
    },
    "view": {
      "enable": true,
      "package": "egg-view",
      "name": "view",
      "dependencies": [],
      "optionalDependencies": [],
      "env": [],
      "from": "/Users/kunlingwu/Desktop/newDemo/cnode-api/node_modules/_egg@1.19.0@egg/config/plugin.js",
      "path": "/Users/kunlingwu/Desktop/newDemo/cnode-api/node_modules/_egg-view@1.2.0@egg-view",
      "version": "1.2.0"
    },
    "validate": {
      "enable": true,
      "package": "egg-validate",
      "name": "validate",
      "dependencies": [],
      "optionalDependencies": [],
      "env": [],
      "from": "/Users/kunlingwu/Desktop/newDemo/cnode-api/config/plugin.js",
      "path": "/Users/kunlingwu/Desktop/newDemo/cnode-api/node_modules/_egg-validate@1.1.1@egg-validate",
      "version": "1.1.1"
    },
    "mysql": {
      "enable": true,
      "package": "egg-mysql",
      "name": "mysql",
      "dependencies": [],
      "optionalDependencies": [],
      "env": [],
      "from": "/Users/kunlingwu/Desktop/newDemo/cnode-api/config/plugin.js",
      "path": "/Users/kunlingwu/Desktop/newDemo/cnode-api/node_modules/_egg-mysql@3.0.0@egg-mysql",
      "version": "3.0.0"
    },
    "cors": {
      "enable": true,
      "package": "egg-cors",
      "name": "cors",
      "dependencies": [],
      "optionalDependencies": [],
      "env": [],
      "from": "/Users/kunlingwu/Desktop/newDemo/cnode-api/config/plugin.js",
      "path": "/Users/kunlingwu/Desktop/newDemo/cnode-api/node_modules/_egg-cors@2.2.0@egg-cors",
      "version": "2.2.0"
    }
  }
}