[
  {
    "name": "Application Start",
    "start": 1564106763344,
    "end": 1564106764699,
    "duration": 1355,
    "pid": 27926,
    "index": 0
  },
  {
    "name": "Load Plugin",
    "start": 1564106763354,
    "end": 1564106763372,
    "duration": 18,
    "pid": 27926,
    "index": 1
  },
  {
    "name": "Load Config",
    "start": 1564106763372,
    "end": 1564106763387,
    "duration": 15,
    "pid": 27926,
    "index": 2
  },
  {
    "name": "Require(0) config/config.default.js",
    "start": 1564106763373,
    "end": 1564106763374,
    "duration": 1,
    "pid": 27926,
    "index": 3
  },
  {
    "name": "Require(1) node_modules/_egg-session@2.2.0@egg-session/config/config.default.js",
    "start": 1564106763375,
    "end": 1564106763375,
    "duration": 0,
    "pid": 27926,
    "index": 4
  },
  {
    "name": "Require(2) node_modules/_egg-security@1.13.2@egg-security/config/config.default.js",
    "start": 1564106763375,
    "end": 1564106763379,
    "duration": 4,
    "pid": 27926,
    "index": 5
  },
  {
    "name": "Require(3) node_modules/_egg-jsonp@1.2.2@egg-jsonp/config/config.default.js",
    "start": 1564106763380,
    "end": 1564106763380,
    "duration": 0,
    "pid": 27926,
    "index": 6
  },
  {
    "name": "Require(4) node_modules/_egg-onerror@1.6.0@egg-onerror/config/config.default.js",
    "start": 1564106763380,
    "end": 1564106763380,
    "duration": 0,
    "pid": 27926,
    "index": 7
  },
  {
    "name": "Require(5) node_modules/_egg-i18n@1.2.0@egg-i18n/config/config.default.js",
    "start": 1564106763381,
    "end": 1564106763381,
    "duration": 0,
    "pid": 27926,
    "index": 8
  },
  {
    "name": "Require(6) node_modules/_egg-watcher@2.2.0@egg-watcher/config/config.default.js",
    "start": 1564106763381,
    "end": 1564106763381,
    "duration": 0,
    "pid": 27926,
    "index": 9
  },
  {
    "name": "Require(7) node_modules/_egg-multipart@1.5.1@egg-multipart/config/config.default.js",
    "start": 1564106763381,
    "end": 1564106763382,
    "duration": 1,
    "pid": 27926,
    "index": 10
  },
  {
    "name": "Require(8) node_modules/_egg-logrotator@2.3.3@egg-logrotator/config/config.default.js",
    "start": 1564106763382,
    "end": 1564106763382,
    "duration": 0,
    "pid": 27926,
    "index": 11
  },
  {
    "name": "Require(9) node_modules/_egg-static@1.5.1@egg-static/config/config.default.js",
    "start": 1564106763382,
    "end": 1564106763383,
    "duration": 1,
    "pid": 27926,
    "index": 12
  },
  {
    "name": "Require(10) node_modules/_egg-view@1.2.0@egg-view/config/config.default.js",
    "start": 1564106763383,
    "end": 1564106763384,
    "duration": 1,
    "pid": 27926,
    "index": 13
  },
  {
    "name": "Require(11) node_modules/_egg-mysql@3.0.0@egg-mysql/config/config.default.js",
    "start": 1564106763384,
    "end": 1564106763384,
    "duration": 0,
    "pid": 27926,
    "index": 14
  },
  {
    "name": "Require(12) node_modules/_egg-cors@2.2.0@egg-cors/config/config.default.js",
    "start": 1564106763384,
    "end": 1564106763384,
    "duration": 0,
    "pid": 27926,
    "index": 15
  },
  {
    "name": "Require(13) node_modules/_egg@1.19.0@egg/config/config.default.js",
    "start": 1564106763384,
    "end": 1564106763385,
    "duration": 1,
    "pid": 27926,
    "index": 16
  },
  {
    "name": "Require(14) config/config.default.js",
    "start": 1564106763386,
    "end": 1564106763386,
    "duration": 0,
    "pid": 27926,
    "index": 17
  },
  {
    "name": "Require(15) node_modules/_egg-static@1.5.1@egg-static/config/config.prod.js",
    "start": 1564106763387,
    "end": 1564106763387,
    "duration": 0,
    "pid": 27926,
    "index": 18
  },
  {
    "name": "Load extend/application.js",
    "start": 1564106763389,
    "end": 1564106763397,
    "duration": 8,
    "pid": 27926,
    "index": 19
  },
  {
    "name": "Require(16) node_modules/_egg-session@2.2.0@egg-session/app/extend/application.js",
    "start": 1564106763390,
    "end": 1564106763390,
    "duration": 0,
    "pid": 27926,
    "index": 20
  },
  {
    "name": "Require(17) node_modules/_egg-security@1.13.2@egg-security/app/extend/application.js",
    "start": 1564106763390,
    "end": 1564106763394,
    "duration": 4,
    "pid": 27926,
    "index": 21
  },
  {
    "name": "Require(18) node_modules/_egg-jsonp@1.2.2@egg-jsonp/app/extend/application.js",
    "start": 1564106763394,
    "end": 1564106763394,
    "duration": 0,
    "pid": 27926,
    "index": 22
  },
  {
    "name": "Require(19) node_modules/_egg-logrotator@2.3.3@egg-logrotator/app/extend/application.js",
    "start": 1564106763395,
    "end": 1564106763396,
    "duration": 1,
    "pid": 27926,
    "index": 23
  },
  {
    "name": "Require(20) node_modules/_egg-view@1.2.0@egg-view/app/extend/application.js",
    "start": 1564106763396,
    "end": 1564106763397,
    "duration": 1,
    "pid": 27926,
    "index": 24
  },
  {
    "name": "Load extend/request.js",
    "start": 1564106763397,
    "end": 1564106763400,
    "duration": 3,
    "pid": 27926,
    "index": 25
  },
  {
    "name": "Require(21) node_modules/_egg@1.19.0@egg/app/extend/request.js",
    "start": 1564106763398,
    "end": 1564106763399,
    "duration": 1,
    "pid": 27926,
    "index": 26
  },
  {
    "name": "Load extend/response.js",
    "start": 1564106763400,
    "end": 1564106763402,
    "duration": 2,
    "pid": 27926,
    "index": 27
  },
  {
    "name": "Require(22) node_modules/_egg@1.19.0@egg/app/extend/response.js",
    "start": 1564106763400,
    "end": 1564106763401,
    "duration": 1,
    "pid": 27926,
    "index": 28
  },
  {
    "name": "Load extend/context.js",
    "start": 1564106763402,
    "end": 1564106763480,
    "duration": 78,
    "pid": 27926,
    "index": 29
  },
  {
    "name": "Require(23) node_modules/_egg-security@1.13.2@egg-security/app/extend/context.js",
    "start": 1564106763402,
    "end": 1564106763407,
    "duration": 5,
    "pid": 27926,
    "index": 30
  },
  {
    "name": "Require(24) node_modules/_egg-jsonp@1.2.2@egg-jsonp/app/extend/context.js",
    "start": 1564106763407,
    "end": 1564106763408,
    "duration": 1,
    "pid": 27926,
    "index": 31
  },
  {
    "name": "Require(25) node_modules/_egg-i18n@1.2.0@egg-i18n/app/extend/context.js",
    "start": 1564106763408,
    "end": 1564106763408,
    "duration": 0,
    "pid": 27926,
    "index": 32
  },
  {
    "name": "Require(26) node_modules/_egg-multipart@1.5.1@egg-multipart/app/extend/context.js",
    "start": 1564106763408,
    "end": 1564106763475,
    "duration": 67,
    "pid": 27926,
    "index": 33
  },
  {
    "name": "Require(27) node_modules/_egg-view@1.2.0@egg-view/app/extend/context.js",
    "start": 1564106763475,
    "end": 1564106763476,
    "duration": 1,
    "pid": 27926,
    "index": 34
  },
  {
    "name": "Require(28) node_modules/_egg-validate@1.1.1@egg-validate/app/extend/context.js",
    "start": 1564106763476,
    "end": 1564106763476,
    "duration": 0,
    "pid": 27926,
    "index": 35
  },
  {
    "name": "Require(29) node_modules/_egg@1.19.0@egg/app/extend/context.js",
    "start": 1564106763477,
    "end": 1564106763480,
    "duration": 3,
    "pid": 27926,
    "index": 36
  },
  {
    "name": "Load extend/helper.js",
    "start": 1564106763481,
    "end": 1564106763493,
    "duration": 12,
    "pid": 27926,
    "index": 37
  },
  {
    "name": "Require(30) node_modules/_egg-security@1.13.2@egg-security/app/extend/helper.js",
    "start": 1564106763481,
    "end": 1564106763491,
    "duration": 10,
    "pid": 27926,
    "index": 38
  },
  {
    "name": "Require(31) node_modules/_egg@1.19.0@egg/app/extend/helper.js",
    "start": 1564106763492,
    "end": 1564106763492,
    "duration": 0,
    "pid": 27926,
    "index": 39
  },
  {
    "name": "Load app.js",
    "start": 1564106763493,
    "end": 1564106763738,
    "duration": 245,
    "pid": 27926,
    "index": 40
  },
  {
    "name": "Require(32) node_modules/_egg-session@2.2.0@egg-session/app.js",
    "start": 1564106763493,
    "end": 1564106763494,
    "duration": 1,
    "pid": 27926,
    "index": 41
  },
  {
    "name": "Require(33) node_modules/_egg-security@1.13.2@egg-security/app.js",
    "start": 1564106763494,
    "end": 1564106763495,
    "duration": 1,
    "pid": 27926,
    "index": 42
  },
  {
    "name": "Require(34) node_modules/_egg-onerror@1.6.0@egg-onerror/app.js",
    "start": 1564106763496,
    "end": 1564106763511,
    "duration": 15,
    "pid": 27926,
    "index": 43
  },
  {
    "name": "Require(35) node_modules/_egg-i18n@1.2.0@egg-i18n/app.js",
    "start": 1564106763511,
    "end": 1564106763516,
    "duration": 5,
    "pid": 27926,
    "index": 44
  },
  {
    "name": "Require(36) node_modules/_egg-watcher@2.2.0@egg-watcher/app.js",
    "start": 1564106763519,
    "end": 1564106763521,
    "duration": 2,
    "pid": 27926,
    "index": 45
  },
  {
    "name": "Before Start in node_modules/_egg-watcher@2.2.0@egg-watcher/app.js:15:7",
    "start": 1564106763539,
    "end": 1564106764438,
    "duration": 899,
    "pid": 27926,
    "index": 46
  },
  {
    "name": "Require(37) node_modules/_egg-multipart@1.5.1@egg-multipart/app.js",
    "start": 1564106763549,
    "end": 1564106763551,
    "duration": 2,
    "pid": 27926,
    "index": 47
  },
  {
    "name": "Require(38) node_modules/_egg-schedule@2.6.0@egg-schedule/app.js",
    "start": 1564106763552,
    "end": 1564106763553,
    "duration": 1,
    "pid": 27926,
    "index": 48
  },
  {
    "name": "Require(39) node_modules/_egg-logrotator@2.3.3@egg-logrotator/app.js",
    "start": 1564106763639,
    "end": 1564106763639,
    "duration": 0,
    "pid": 27926,
    "index": 49
  },
  {
    "name": "Require(40) node_modules/_egg-static@1.5.1@egg-static/app.js",
    "start": 1564106763639,
    "end": 1564106763640,
    "duration": 1,
    "pid": 27926,
    "index": 50
  },
  {
    "name": "Require(41) node_modules/_egg-validate@1.1.1@egg-validate/app.js",
    "start": 1564106763640,
    "end": 1564106763644,
    "duration": 4,
    "pid": 27926,
    "index": 51
  },
  {
    "name": "Require(42) node_modules/_egg-mysql@3.0.0@egg-mysql/app.js",
    "start": 1564106763644,
    "end": 1564106763676,
    "duration": 32,
    "pid": 27926,
    "index": 52
  },
  {
    "name": "Before Start in node_modules/_egg-mysql@3.0.0@egg-mysql/lib/mysql.js:20:7",
    "start": 1564106763737,
    "end": 1564106764699,
    "duration": 962,
    "pid": 27926,
    "index": 53
  },
  {
    "name": "Require(43) node_modules/_egg-cors@2.2.0@egg-cors/app.js",
    "start": 1564106763738,
    "end": 1564106763738,
    "duration": 0,
    "pid": 27926,
    "index": 54
  },
  {
    "name": "Load Service",
    "start": 1564106763738,
    "end": 1564106763742,
    "duration": 4,
    "pid": 27926,
    "index": 55
  },
  {
    "name": "Load \"service\" to Context",
    "start": 1564106763738,
    "end": 1564106763742,
    "duration": 4,
    "pid": 27926,
    "index": 56
  },
  {
    "name": "Load Middleware",
    "start": 1564106763743,
    "end": 1564106763818,
    "duration": 75,
    "pid": 27926,
    "index": 57
  },
  {
    "name": "Load \"middlewares\" to Application",
    "start": 1564106763743,
    "end": 1564106763796,
    "duration": 53,
    "pid": 27926,
    "index": 58
  },
  {
    "name": "Load Controller",
    "start": 1564106763818,
    "end": 1564106764400,
    "duration": 582,
    "pid": 27926,
    "index": 59
  },
  {
    "name": "Load \"controller\" to Application",
    "start": 1564106763818,
    "end": 1564106764400,
    "duration": 582,
    "pid": 27926,
    "index": 60
  },
  {
    "name": "Load Router",
    "start": 1564106764400,
    "end": 1564106764403,
    "duration": 3,
    "pid": 27926,
    "index": 61
  },
  {
    "name": "Require(44) app/router.js",
    "start": 1564106764400,
    "end": 1564106764401,
    "duration": 1,
    "pid": 27926,
    "index": 62
  },
  {
    "name": "Before Start in node_modules/_egg-core@3.21.4@egg-core/lib/egg.js:330:10",
    "start": 1564106764401,
    "end": 1564106764420,
    "duration": 19,
    "pid": 27926,
    "index": 63
  }
]