[
  {
    "name": "Application Start",
    "start": 1564070613009,
    "end": 1564070613532,
    "duration": 523,
    "pid": 26899,
    "index": 0
  },
  {
    "name": "Load Plugin",
    "start": 1564070613012,
    "end": 1564070613019,
    "duration": 7,
    "pid": 26899,
    "index": 1
  },
  {
    "name": "Load Config",
    "start": 1564070613019,
    "end": 1564070613027,
    "duration": 8,
    "pid": 26899,
    "index": 2
  },
  {
    "name": "Require(0) config/config.default.js",
    "start": 1564070613019,
    "end": 1564070613020,
    "duration": 1,
    "pid": 26899,
    "index": 3
  },
  {
    "name": "Require(1) node_modules/_egg-session@2.2.0@egg-session/config/config.default.js",
    "start": 1564070613021,
    "end": 1564070613021,
    "duration": 0,
    "pid": 26899,
    "index": 4
  },
  {
    "name": "Require(2) node_modules/_egg-security@1.13.2@egg-security/config/config.default.js",
    "start": 1564070613021,
    "end": 1564070613021,
    "duration": 0,
    "pid": 26899,
    "index": 5
  },
  {
    "name": "Require(3) node_modules/_egg-jsonp@1.2.2@egg-jsonp/config/config.default.js",
    "start": 1564070613021,
    "end": 1564070613022,
    "duration": 1,
    "pid": 26899,
    "index": 6
  },
  {
    "name": "Require(4) node_modules/_egg-onerror@1.6.0@egg-onerror/config/config.default.js",
    "start": 1564070613022,
    "end": 1564070613022,
    "duration": 0,
    "pid": 26899,
    "index": 7
  },
  {
    "name": "Require(5) node_modules/_egg-i18n@1.2.0@egg-i18n/config/config.default.js",
    "start": 1564070613022,
    "end": 1564070613022,
    "duration": 0,
    "pid": 26899,
    "index": 8
  },
  {
    "name": "Require(6) node_modules/_egg-watcher@2.2.0@egg-watcher/config/config.default.js",
    "start": 1564070613022,
    "end": 1564070613022,
    "duration": 0,
    "pid": 26899,
    "index": 9
  },
  {
    "name": "Require(7) node_modules/_egg-multipart@1.5.1@egg-multipart/config/config.default.js",
    "start": 1564070613023,
    "end": 1564070613023,
    "duration": 0,
    "pid": 26899,
    "index": 10
  },
  {
    "name": "Require(8) node_modules/_egg-development@1.4.2@egg-development/config/config.default.js",
    "start": 1564070613023,
    "end": 1564070613023,
    "duration": 0,
    "pid": 26899,
    "index": 11
  },
  {
    "name": "Require(9) node_modules/_egg-logrotator@2.3.3@egg-logrotator/config/config.default.js",
    "start": 1564070613023,
    "end": 1564070613023,
    "duration": 0,
    "pid": 26899,
    "index": 12
  },
  {
    "name": "Require(10) node_modules/_egg-static@1.5.1@egg-static/config/config.default.js",
    "start": 1564070613023,
    "end": 1564070613024,
    "duration": 1,
    "pid": 26899,
    "index": 13
  },
  {
    "name": "Require(11) node_modules/_egg-view@1.2.0@egg-view/config/config.default.js",
    "start": 1564070613024,
    "end": 1564070613024,
    "duration": 0,
    "pid": 26899,
    "index": 14
  },
  {
    "name": "Require(12) node_modules/_egg-mysql@3.0.0@egg-mysql/config/config.default.js",
    "start": 1564070613024,
    "end": 1564070613024,
    "duration": 0,
    "pid": 26899,
    "index": 15
  },
  {
    "name": "Require(13) node_modules/_egg-cors@2.2.0@egg-cors/config/config.default.js",
    "start": 1564070613024,
    "end": 1564070613024,
    "duration": 0,
    "pid": 26899,
    "index": 16
  },
  {
    "name": "Require(14) node_modules/_egg@1.19.0@egg/config/config.default.js",
    "start": 1564070613024,
    "end": 1564070613025,
    "duration": 1,
    "pid": 26899,
    "index": 17
  },
  {
    "name": "Require(15) config/config.default.js",
    "start": 1564070613025,
    "end": 1564070613026,
    "duration": 1,
    "pid": 26899,
    "index": 18
  },
  {
    "name": "Require(16) node_modules/_egg-security@1.13.2@egg-security/config/config.local.js",
    "start": 1564070613026,
    "end": 1564070613026,
    "duration": 0,
    "pid": 26899,
    "index": 19
  },
  {
    "name": "Require(17) node_modules/_egg-watcher@2.2.0@egg-watcher/config/config.local.js",
    "start": 1564070613026,
    "end": 1564070613026,
    "duration": 0,
    "pid": 26899,
    "index": 20
  },
  {
    "name": "Require(18) node_modules/_egg-view@1.2.0@egg-view/config/config.local.js",
    "start": 1564070613026,
    "end": 1564070613026,
    "duration": 0,
    "pid": 26899,
    "index": 21
  },
  {
    "name": "Require(19) node_modules/_egg@1.19.0@egg/config/config.local.js",
    "start": 1564070613026,
    "end": 1564070613027,
    "duration": 1,
    "pid": 26899,
    "index": 22
  },
  {
    "name": "Load extend/application.js",
    "start": 1564070613028,
    "end": 1564070613031,
    "duration": 3,
    "pid": 26899,
    "index": 23
  },
  {
    "name": "Require(20) node_modules/_egg-session@2.2.0@egg-session/app/extend/application.js",
    "start": 1564070613028,
    "end": 1564070613028,
    "duration": 0,
    "pid": 26899,
    "index": 24
  },
  {
    "name": "Require(21) node_modules/_egg-security@1.13.2@egg-security/app/extend/application.js",
    "start": 1564070613028,
    "end": 1564070613029,
    "duration": 1,
    "pid": 26899,
    "index": 25
  },
  {
    "name": "Require(22) node_modules/_egg-jsonp@1.2.2@egg-jsonp/app/extend/application.js",
    "start": 1564070613029,
    "end": 1564070613029,
    "duration": 0,
    "pid": 26899,
    "index": 26
  },
  {
    "name": "Require(23) node_modules/_egg-logrotator@2.3.3@egg-logrotator/app/extend/application.js",
    "start": 1564070613030,
    "end": 1564070613030,
    "duration": 0,
    "pid": 26899,
    "index": 27
  },
  {
    "name": "Require(24) node_modules/_egg-view@1.2.0@egg-view/app/extend/application.js",
    "start": 1564070613030,
    "end": 1564070613031,
    "duration": 1,
    "pid": 26899,
    "index": 28
  },
  {
    "name": "Load extend/request.js",
    "start": 1564070613031,
    "end": 1564070613033,
    "duration": 2,
    "pid": 26899,
    "index": 29
  },
  {
    "name": "Require(25) node_modules/_egg@1.19.0@egg/app/extend/request.js",
    "start": 1564070613032,
    "end": 1564070613033,
    "duration": 1,
    "pid": 26899,
    "index": 30
  },
  {
    "name": "Load extend/response.js",
    "start": 1564070613033,
    "end": 1564070613035,
    "duration": 2,
    "pid": 26899,
    "index": 31
  },
  {
    "name": "Require(26) node_modules/_egg@1.19.0@egg/app/extend/response.js",
    "start": 1564070613034,
    "end": 1564070613034,
    "duration": 0,
    "pid": 26899,
    "index": 32
  },
  {
    "name": "Load extend/context.js",
    "start": 1564070613035,
    "end": 1564070613076,
    "duration": 41,
    "pid": 26899,
    "index": 33
  },
  {
    "name": "Require(27) node_modules/_egg-security@1.13.2@egg-security/app/extend/context.js",
    "start": 1564070613035,
    "end": 1564070613038,
    "duration": 3,
    "pid": 26899,
    "index": 34
  },
  {
    "name": "Require(28) node_modules/_egg-jsonp@1.2.2@egg-jsonp/app/extend/context.js",
    "start": 1564070613038,
    "end": 1564070613038,
    "duration": 0,
    "pid": 26899,
    "index": 35
  },
  {
    "name": "Require(29) node_modules/_egg-i18n@1.2.0@egg-i18n/app/extend/context.js",
    "start": 1564070613039,
    "end": 1564070613039,
    "duration": 0,
    "pid": 26899,
    "index": 36
  },
  {
    "name": "Require(30) node_modules/_egg-multipart@1.5.1@egg-multipart/app/extend/context.js",
    "start": 1564070613039,
    "end": 1564070613071,
    "duration": 32,
    "pid": 26899,
    "index": 37
  },
  {
    "name": "Require(31) node_modules/_egg-view@1.2.0@egg-view/app/extend/context.js",
    "start": 1564070613072,
    "end": 1564070613073,
    "duration": 1,
    "pid": 26899,
    "index": 38
  },
  {
    "name": "Require(32) node_modules/_egg-validate@1.1.1@egg-validate/app/extend/context.js",
    "start": 1564070613073,
    "end": 1564070613073,
    "duration": 0,
    "pid": 26899,
    "index": 39
  },
  {
    "name": "Require(33) node_modules/_egg@1.19.0@egg/app/extend/context.js",
    "start": 1564070613074,
    "end": 1564070613075,
    "duration": 1,
    "pid": 26899,
    "index": 40
  },
  {
    "name": "Load extend/helper.js",
    "start": 1564070613076,
    "end": 1564070613088,
    "duration": 12,
    "pid": 26899,
    "index": 41
  },
  {
    "name": "Require(34) node_modules/_egg-security@1.13.2@egg-security/app/extend/helper.js",
    "start": 1564070613076,
    "end": 1564070613087,
    "duration": 11,
    "pid": 26899,
    "index": 42
  },
  {
    "name": "Require(35) node_modules/_egg@1.19.0@egg/app/extend/helper.js",
    "start": 1564070613087,
    "end": 1564070613088,
    "duration": 1,
    "pid": 26899,
    "index": 43
  },
  {
    "name": "Load app.js",
    "start": 1564070613088,
    "end": 1564070613184,
    "duration": 96,
    "pid": 26899,
    "index": 44
  },
  {
    "name": "Require(36) node_modules/_egg-session@2.2.0@egg-session/app.js",
    "start": 1564070613088,
    "end": 1564070613088,
    "duration": 0,
    "pid": 26899,
    "index": 45
  },
  {
    "name": "Require(37) node_modules/_egg-security@1.13.2@egg-security/app.js",
    "start": 1564070613089,
    "end": 1564070613090,
    "duration": 1,
    "pid": 26899,
    "index": 46
  },
  {
    "name": "Require(38) node_modules/_egg-onerror@1.6.0@egg-onerror/app.js",
    "start": 1564070613091,
    "end": 1564070613098,
    "duration": 7,
    "pid": 26899,
    "index": 47
  },
  {
    "name": "Require(39) node_modules/_egg-i18n@1.2.0@egg-i18n/app.js",
    "start": 1564070613099,
    "end": 1564070613104,
    "duration": 5,
    "pid": 26899,
    "index": 48
  },
  {
    "name": "Require(40) node_modules/_egg-watcher@2.2.0@egg-watcher/app.js",
    "start": 1564070613105,
    "end": 1564070613106,
    "duration": 1,
    "pid": 26899,
    "index": 49
  },
  {
    "name": "Before Start in node_modules/_egg-watcher@2.2.0@egg-watcher/app.js:15:7",
    "start": 1564070613118,
    "end": 1564070613497,
    "duration": 379,
    "pid": 26899,
    "index": 50
  },
  {
    "name": "Require(41) node_modules/_egg-multipart@1.5.1@egg-multipart/app.js",
    "start": 1564070613120,
    "end": 1564070613123,
    "duration": 3,
    "pid": 26899,
    "index": 51
  },
  {
    "name": "Require(42) node_modules/_egg-development@1.4.2@egg-development/app.js",
    "start": 1564070613124,
    "end": 1564070613125,
    "duration": 1,
    "pid": 26899,
    "index": 52
  },
  {
    "name": "Before Start in node_modules/_egg-development@1.4.2@egg-development/app.js:12:7",
    "start": 1564070613125,
    "end": 1564070613495,
    "duration": 370,
    "pid": 26899,
    "index": 53
  },
  {
    "name": "Require(43) node_modules/_egg-schedule@2.6.0@egg-schedule/app.js",
    "start": 1564070613125,
    "end": 1564070613126,
    "duration": 1,
    "pid": 26899,
    "index": 54
  },
  {
    "name": "Require(44) node_modules/_egg-logrotator@2.3.3@egg-logrotator/app.js",
    "start": 1564070613152,
    "end": 1564070613152,
    "duration": 0,
    "pid": 26899,
    "index": 55
  },
  {
    "name": "Require(45) node_modules/_egg-static@1.5.1@egg-static/app.js",
    "start": 1564070613152,
    "end": 1564070613152,
    "duration": 0,
    "pid": 26899,
    "index": 56
  },
  {
    "name": "Require(46) node_modules/_egg-validate@1.1.1@egg-validate/app.js",
    "start": 1564070613152,
    "end": 1564070613153,
    "duration": 1,
    "pid": 26899,
    "index": 57
  },
  {
    "name": "Require(47) node_modules/_egg-mysql@3.0.0@egg-mysql/app.js",
    "start": 1564070613153,
    "end": 1564070613158,
    "duration": 5,
    "pid": 26899,
    "index": 58
  },
  {
    "name": "Before Start in node_modules/_egg-mysql@3.0.0@egg-mysql/lib/mysql.js:20:7",
    "start": 1564070613184,
    "end": 1564070613532,
    "duration": 348,
    "pid": 26899,
    "index": 59
  },
  {
    "name": "Require(48) node_modules/_egg-cors@2.2.0@egg-cors/app.js",
    "start": 1564070613184,
    "end": 1564070613184,
    "duration": 0,
    "pid": 26899,
    "index": 60
  },
  {
    "name": "Load Service",
    "start": 1564070613184,
    "end": 1564070613187,
    "duration": 3,
    "pid": 26899,
    "index": 61
  },
  {
    "name": "Load \"service\" to Context",
    "start": 1564070613184,
    "end": 1564070613187,
    "duration": 3,
    "pid": 26899,
    "index": 62
  },
  {
    "name": "Load Middleware",
    "start": 1564070613187,
    "end": 1564070613217,
    "duration": 30,
    "pid": 26899,
    "index": 63
  },
  {
    "name": "Load \"middlewares\" to Application",
    "start": 1564070613187,
    "end": 1564070613212,
    "duration": 25,
    "pid": 26899,
    "index": 64
  },
  {
    "name": "Load Controller",
    "start": 1564070613217,
    "end": 1564070613475,
    "duration": 258,
    "pid": 26899,
    "index": 65
  },
  {
    "name": "Load \"controller\" to Application",
    "start": 1564070613217,
    "end": 1564070613475,
    "duration": 258,
    "pid": 26899,
    "index": 66
  },
  {
    "name": "Load Router",
    "start": 1564070613475,
    "end": 1564070613477,
    "duration": 2,
    "pid": 26899,
    "index": 67
  },
  {
    "name": "Require(49) app/router.js",
    "start": 1564070613475,
    "end": 1564070613475,
    "duration": 0,
    "pid": 26899,
    "index": 68
  },
  {
    "name": "Before Start in node_modules/_egg-core@3.21.4@egg-core/lib/egg.js:330:10",
    "start": 1564070613475,
    "end": 1564070613488,
    "duration": 13,
    "pid": 26899,
    "index": 69
  }
]