[
  {
    "name": "Application Start",
    "start": 1564070537763,
    "end": 1564070538544,
    "duration": 781,
    "pid": 26764,
    "index": 0
  },
  {
    "name": "Load Plugin",
    "start": 1564070537767,
    "end": 1564070537772,
    "duration": 5,
    "pid": 26764,
    "index": 1
  },
  {
    "name": "Load Config",
    "start": 1564070537772,
    "end": 1564070537783,
    "duration": 11,
    "pid": 26764,
    "index": 2
  },
  {
    "name": "Require(0) config/config.default.js",
    "start": 1564070537773,
    "end": 1564070537773,
    "duration": 0,
    "pid": 26764,
    "index": 3
  },
  {
    "name": "Require(1) node_modules/_egg-session@2.2.0@egg-session/config/config.default.js",
    "start": 1564070537774,
    "end": 1564070537774,
    "duration": 0,
    "pid": 26764,
    "index": 4
  },
  {
    "name": "Require(2) node_modules/_egg-security@1.13.2@egg-security/config/config.default.js",
    "start": 1564070537774,
    "end": 1564070537774,
    "duration": 0,
    "pid": 26764,
    "index": 5
  },
  {
    "name": "Require(3) node_modules/_egg-jsonp@1.2.2@egg-jsonp/config/config.default.js",
    "start": 1564070537775,
    "end": 1564070537775,
    "duration": 0,
    "pid": 26764,
    "index": 6
  },
  {
    "name": "Require(4) node_modules/_egg-onerror@1.6.0@egg-onerror/config/config.default.js",
    "start": 1564070537775,
    "end": 1564070537775,
    "duration": 0,
    "pid": 26764,
    "index": 7
  },
  {
    "name": "Require(5) node_modules/_egg-i18n@1.2.0@egg-i18n/config/config.default.js",
    "start": 1564070537775,
    "end": 1564070537775,
    "duration": 0,
    "pid": 26764,
    "index": 8
  },
  {
    "name": "Require(6) node_modules/_egg-watcher@2.2.0@egg-watcher/config/config.default.js",
    "start": 1564070537775,
    "end": 1564070537776,
    "duration": 1,
    "pid": 26764,
    "index": 9
  },
  {
    "name": "Require(7) node_modules/_egg-multipart@1.5.1@egg-multipart/config/config.default.js",
    "start": 1564070537776,
    "end": 1564070537776,
    "duration": 0,
    "pid": 26764,
    "index": 10
  },
  {
    "name": "Require(8) node_modules/_egg-development@1.4.2@egg-development/config/config.default.js",
    "start": 1564070537776,
    "end": 1564070537776,
    "duration": 0,
    "pid": 26764,
    "index": 11
  },
  {
    "name": "Require(9) node_modules/_egg-logrotator@2.3.3@egg-logrotator/config/config.default.js",
    "start": 1564070537776,
    "end": 1564070537776,
    "duration": 0,
    "pid": 26764,
    "index": 12
  },
  {
    "name": "Require(10) node_modules/_egg-static@1.5.1@egg-static/config/config.default.js",
    "start": 1564070537777,
    "end": 1564070537777,
    "duration": 0,
    "pid": 26764,
    "index": 13
  },
  {
    "name": "Require(11) node_modules/_egg-view@1.2.0@egg-view/config/config.default.js",
    "start": 1564070537777,
    "end": 1564070537777,
    "duration": 0,
    "pid": 26764,
    "index": 14
  },
  {
    "name": "Require(12) node_modules/_egg-mysql@3.0.0@egg-mysql/config/config.default.js",
    "start": 1564070537778,
    "end": 1564070537778,
    "duration": 0,
    "pid": 26764,
    "index": 15
  },
  {
    "name": "Require(13) node_modules/_egg-cors@2.2.0@egg-cors/config/config.default.js",
    "start": 1564070537778,
    "end": 1564070537778,
    "duration": 0,
    "pid": 26764,
    "index": 16
  },
  {
    "name": "Require(14) node_modules/_egg@1.19.0@egg/config/config.default.js",
    "start": 1564070537778,
    "end": 1564070537779,
    "duration": 1,
    "pid": 26764,
    "index": 17
  },
  {
    "name": "Require(15) config/config.default.js",
    "start": 1564070537781,
    "end": 1564070537781,
    "duration": 0,
    "pid": 26764,
    "index": 18
  },
  {
    "name": "Require(16) node_modules/_egg-security@1.13.2@egg-security/config/config.local.js",
    "start": 1564070537781,
    "end": 1564070537781,
    "duration": 0,
    "pid": 26764,
    "index": 19
  },
  {
    "name": "Require(17) node_modules/_egg-watcher@2.2.0@egg-watcher/config/config.local.js",
    "start": 1564070537782,
    "end": 1564070537782,
    "duration": 0,
    "pid": 26764,
    "index": 20
  },
  {
    "name": "Require(18) node_modules/_egg-view@1.2.0@egg-view/config/config.local.js",
    "start": 1564070537782,
    "end": 1564070537782,
    "duration": 0,
    "pid": 26764,
    "index": 21
  },
  {
    "name": "Require(19) node_modules/_egg@1.19.0@egg/config/config.local.js",
    "start": 1564070537783,
    "end": 1564070537783,
    "duration": 0,
    "pid": 26764,
    "index": 22
  },
  {
    "name": "Load extend/application.js",
    "start": 1564070537784,
    "end": 1564070537788,
    "duration": 4,
    "pid": 26764,
    "index": 23
  },
  {
    "name": "Require(20) node_modules/_egg-session@2.2.0@egg-session/app/extend/application.js",
    "start": 1564070537784,
    "end": 1564070537785,
    "duration": 1,
    "pid": 26764,
    "index": 24
  },
  {
    "name": "Require(21) node_modules/_egg-security@1.13.2@egg-security/app/extend/application.js",
    "start": 1564070537785,
    "end": 1564070537785,
    "duration": 0,
    "pid": 26764,
    "index": 25
  },
  {
    "name": "Require(22) node_modules/_egg-jsonp@1.2.2@egg-jsonp/app/extend/application.js",
    "start": 1564070537785,
    "end": 1564070537786,
    "duration": 1,
    "pid": 26764,
    "index": 26
  },
  {
    "name": "Require(23) node_modules/_egg-logrotator@2.3.3@egg-logrotator/app/extend/application.js",
    "start": 1564070537786,
    "end": 1564070537787,
    "duration": 1,
    "pid": 26764,
    "index": 27
  },
  {
    "name": "Require(24) node_modules/_egg-view@1.2.0@egg-view/app/extend/application.js",
    "start": 1564070537787,
    "end": 1564070537787,
    "duration": 0,
    "pid": 26764,
    "index": 28
  },
  {
    "name": "Load extend/request.js",
    "start": 1564070537788,
    "end": 1564070537789,
    "duration": 1,
    "pid": 26764,
    "index": 29
  },
  {
    "name": "Require(25) node_modules/_egg@1.19.0@egg/app/extend/request.js",
    "start": 1564070537788,
    "end": 1564070537789,
    "duration": 1,
    "pid": 26764,
    "index": 30
  },
  {
    "name": "Load extend/response.js",
    "start": 1564070537789,
    "end": 1564070537790,
    "duration": 1,
    "pid": 26764,
    "index": 31
  },
  {
    "name": "Require(26) node_modules/_egg@1.19.0@egg/app/extend/response.js",
    "start": 1564070537789,
    "end": 1564070537790,
    "duration": 1,
    "pid": 26764,
    "index": 32
  },
  {
    "name": "Load extend/context.js",
    "start": 1564070537790,
    "end": 1564070537836,
    "duration": 46,
    "pid": 26764,
    "index": 33
  },
  {
    "name": "Require(27) node_modules/_egg-security@1.13.2@egg-security/app/extend/context.js",
    "start": 1564070537790,
    "end": 1564070537794,
    "duration": 4,
    "pid": 26764,
    "index": 34
  },
  {
    "name": "Require(28) node_modules/_egg-jsonp@1.2.2@egg-jsonp/app/extend/context.js",
    "start": 1564070537794,
    "end": 1564070537795,
    "duration": 1,
    "pid": 26764,
    "index": 35
  },
  {
    "name": "Require(29) node_modules/_egg-i18n@1.2.0@egg-i18n/app/extend/context.js",
    "start": 1564070537795,
    "end": 1564070537795,
    "duration": 0,
    "pid": 26764,
    "index": 36
  },
  {
    "name": "Require(30) node_modules/_egg-multipart@1.5.1@egg-multipart/app/extend/context.js",
    "start": 1564070537795,
    "end": 1564070537830,
    "duration": 35,
    "pid": 26764,
    "index": 37
  },
  {
    "name": "Require(31) node_modules/_egg-view@1.2.0@egg-view/app/extend/context.js",
    "start": 1564070537830,
    "end": 1564070537832,
    "duration": 2,
    "pid": 26764,
    "index": 38
  },
  {
    "name": "Require(32) node_modules/_egg-validate@1.1.1@egg-validate/app/extend/context.js",
    "start": 1564070537832,
    "end": 1564070537833,
    "duration": 1,
    "pid": 26764,
    "index": 39
  },
  {
    "name": "Require(33) node_modules/_egg@1.19.0@egg/app/extend/context.js",
    "start": 1564070537833,
    "end": 1564070537835,
    "duration": 2,
    "pid": 26764,
    "index": 40
  },
  {
    "name": "Load extend/helper.js",
    "start": 1564070537836,
    "end": 1564070537860,
    "duration": 24,
    "pid": 26764,
    "index": 41
  },
  {
    "name": "Require(34) node_modules/_egg-security@1.13.2@egg-security/app/extend/helper.js",
    "start": 1564070537836,
    "end": 1564070537858,
    "duration": 22,
    "pid": 26764,
    "index": 42
  },
  {
    "name": "Require(35) node_modules/_egg@1.19.0@egg/app/extend/helper.js",
    "start": 1564070537859,
    "end": 1564070537859,
    "duration": 0,
    "pid": 26764,
    "index": 43
  },
  {
    "name": "Load app.js",
    "start": 1564070537860,
    "end": 1564070538054,
    "duration": 194,
    "pid": 26764,
    "index": 44
  },
  {
    "name": "Require(36) node_modules/_egg-session@2.2.0@egg-session/app.js",
    "start": 1564070537860,
    "end": 1564070537861,
    "duration": 1,
    "pid": 26764,
    "index": 45
  },
  {
    "name": "Require(37) node_modules/_egg-security@1.13.2@egg-security/app.js",
    "start": 1564070537861,
    "end": 1564070537863,
    "duration": 2,
    "pid": 26764,
    "index": 46
  },
  {
    "name": "Require(38) node_modules/_egg-onerror@1.6.0@egg-onerror/app.js",
    "start": 1564070537865,
    "end": 1564070537877,
    "duration": 12,
    "pid": 26764,
    "index": 47
  },
  {
    "name": "Require(39) node_modules/_egg-i18n@1.2.0@egg-i18n/app.js",
    "start": 1564070537878,
    "end": 1564070537885,
    "duration": 7,
    "pid": 26764,
    "index": 48
  },
  {
    "name": "Require(40) node_modules/_egg-watcher@2.2.0@egg-watcher/app.js",
    "start": 1564070537887,
    "end": 1564070537893,
    "duration": 6,
    "pid": 26764,
    "index": 49
  },
  {
    "name": "Before Start in node_modules/_egg-watcher@2.2.0@egg-watcher/app.js:15:7",
    "start": 1564070537903,
    "end": 1564070538505,
    "duration": 602,
    "pid": 26764,
    "index": 50
  },
  {
    "name": "Require(41) node_modules/_egg-multipart@1.5.1@egg-multipart/app.js",
    "start": 1564070537904,
    "end": 1564070537909,
    "duration": 5,
    "pid": 26764,
    "index": 51
  },
  {
    "name": "Require(42) node_modules/_egg-development@1.4.2@egg-development/app.js",
    "start": 1564070537910,
    "end": 1564070537911,
    "duration": 1,
    "pid": 26764,
    "index": 52
  },
  {
    "name": "Before Start in node_modules/_egg-development@1.4.2@egg-development/app.js:12:7",
    "start": 1564070537911,
    "end": 1564070538503,
    "duration": 592,
    "pid": 26764,
    "index": 53
  },
  {
    "name": "Require(43) node_modules/_egg-schedule@2.6.0@egg-schedule/app.js",
    "start": 1564070537911,
    "end": 1564070537915,
    "duration": 4,
    "pid": 26764,
    "index": 54
  },
  {
    "name": "Require(44) node_modules/_egg-logrotator@2.3.3@egg-logrotator/app.js",
    "start": 1564070537946,
    "end": 1564070537947,
    "duration": 1,
    "pid": 26764,
    "index": 55
  },
  {
    "name": "Require(45) node_modules/_egg-static@1.5.1@egg-static/app.js",
    "start": 1564070537947,
    "end": 1564070537948,
    "duration": 1,
    "pid": 26764,
    "index": 56
  },
  {
    "name": "Require(46) node_modules/_egg-validate@1.1.1@egg-validate/app.js",
    "start": 1564070537948,
    "end": 1564070537951,
    "duration": 3,
    "pid": 26764,
    "index": 57
  },
  {
    "name": "Require(47) node_modules/_egg-mysql@3.0.0@egg-mysql/app.js",
    "start": 1564070537951,
    "end": 1564070537967,
    "duration": 16,
    "pid": 26764,
    "index": 58
  },
  {
    "name": "Before Start in node_modules/_egg-mysql@3.0.0@egg-mysql/lib/mysql.js:20:7",
    "start": 1564070538053,
    "end": 1564070538544,
    "duration": 491,
    "pid": 26764,
    "index": 59
  },
  {
    "name": "Require(48) node_modules/_egg-cors@2.2.0@egg-cors/app.js",
    "start": 1564070538053,
    "end": 1564070538054,
    "duration": 1,
    "pid": 26764,
    "index": 60
  },
  {
    "name": "Load Service",
    "start": 1564070538054,
    "end": 1564070538058,
    "duration": 4,
    "pid": 26764,
    "index": 61
  },
  {
    "name": "Load \"service\" to Context",
    "start": 1564070538054,
    "end": 1564070538058,
    "duration": 4,
    "pid": 26764,
    "index": 62
  },
  {
    "name": "Load Middleware",
    "start": 1564070538058,
    "end": 1564070538155,
    "duration": 97,
    "pid": 26764,
    "index": 63
  },
  {
    "name": "Load \"middlewares\" to Application",
    "start": 1564070538059,
    "end": 1564070538143,
    "duration": 84,
    "pid": 26764,
    "index": 64
  },
  {
    "name": "Load Controller",
    "start": 1564070538155,
    "end": 1564070538487,
    "duration": 332,
    "pid": 26764,
    "index": 65
  },
  {
    "name": "Load \"controller\" to Application",
    "start": 1564070538155,
    "end": 1564070538487,
    "duration": 332,
    "pid": 26764,
    "index": 66
  },
  {
    "name": "Load Router",
    "start": 1564070538487,
    "end": 1564070538489,
    "duration": 2,
    "pid": 26764,
    "index": 67
  },
  {
    "name": "Require(49) app/router.js",
    "start": 1564070538487,
    "end": 1564070538488,
    "duration": 1,
    "pid": 26764,
    "index": 68
  },
  {
    "name": "Before Start in node_modules/_egg-core@3.21.4@egg-core/lib/egg.js:330:10",
    "start": 1564070538488,
    "end": 1564070538498,
    "duration": 10,
    "pid": 26764,
    "index": 69
  }
]