[
  {
    "name": "Application Start",
    "start": 1564070328669,
    "end": 1564070329149,
    "duration": 480,
    "pid": 26645,
    "index": 0
  },
  {
    "name": "Load Plugin",
    "start": 1564070328673,
    "end": 1564070328679,
    "duration": 6,
    "pid": 26645,
    "index": 1
  },
  {
    "name": "Load Config",
    "start": 1564070328679,
    "end": 1564070328687,
    "duration": 8,
    "pid": 26645,
    "index": 2
  },
  {
    "name": "Require(0) config/config.default.js",
    "start": 1564070328680,
    "end": 1564070328680,
    "duration": 0,
    "pid": 26645,
    "index": 3
  },
  {
    "name": "Require(1) node_modules/_egg-session@2.2.0@egg-session/config/config.default.js",
    "start": 1564070328681,
    "end": 1564070328681,
    "duration": 0,
    "pid": 26645,
    "index": 4
  },
  {
    "name": "Require(2) node_modules/_egg-security@1.13.2@egg-security/config/config.default.js",
    "start": 1564070328681,
    "end": 1564070328681,
    "duration": 0,
    "pid": 26645,
    "index": 5
  },
  {
    "name": "Require(3) node_modules/_egg-jsonp@1.2.2@egg-jsonp/config/config.default.js",
    "start": 1564070328682,
    "end": 1564070328682,
    "duration": 0,
    "pid": 26645,
    "index": 6
  },
  {
    "name": "Require(4) node_modules/_egg-onerror@1.6.0@egg-onerror/config/config.default.js",
    "start": 1564070328682,
    "end": 1564070328682,
    "duration": 0,
    "pid": 26645,
    "index": 7
  },
  {
    "name": "Require(5) node_modules/_egg-i18n@1.2.0@egg-i18n/config/config.default.js",
    "start": 1564070328682,
    "end": 1564070328682,
    "duration": 0,
    "pid": 26645,
    "index": 8
  },
  {
    "name": "Require(6) node_modules/_egg-watcher@2.2.0@egg-watcher/config/config.default.js",
    "start": 1564070328682,
    "end": 1564070328683,
    "duration": 1,
    "pid": 26645,
    "index": 9
  },
  {
    "name": "Require(7) node_modules/_egg-multipart@1.5.1@egg-multipart/config/config.default.js",
    "start": 1564070328683,
    "end": 1564070328683,
    "duration": 0,
    "pid": 26645,
    "index": 10
  },
  {
    "name": "Require(8) node_modules/_egg-development@1.4.2@egg-development/config/config.default.js",
    "start": 1564070328683,
    "end": 1564070328683,
    "duration": 0,
    "pid": 26645,
    "index": 11
  },
  {
    "name": "Require(9) node_modules/_egg-logrotator@2.3.3@egg-logrotator/config/config.default.js",
    "start": 1564070328683,
    "end": 1564070328683,
    "duration": 0,
    "pid": 26645,
    "index": 12
  },
  {
    "name": "Require(10) node_modules/_egg-static@1.5.1@egg-static/config/config.default.js",
    "start": 1564070328684,
    "end": 1564070328684,
    "duration": 0,
    "pid": 26645,
    "index": 13
  },
  {
    "name": "Require(11) node_modules/_egg-view@1.2.0@egg-view/config/config.default.js",
    "start": 1564070328684,
    "end": 1564070328684,
    "duration": 0,
    "pid": 26645,
    "index": 14
  },
  {
    "name": "Require(12) node_modules/_egg-mysql@3.0.0@egg-mysql/config/config.default.js",
    "start": 1564070328684,
    "end": 1564070328684,
    "duration": 0,
    "pid": 26645,
    "index": 15
  },
  {
    "name": "Require(13) node_modules/_egg-cors@2.2.0@egg-cors/config/config.default.js",
    "start": 1564070328684,
    "end": 1564070328685,
    "duration": 1,
    "pid": 26645,
    "index": 16
  },
  {
    "name": "Require(14) node_modules/_egg@1.19.0@egg/config/config.default.js",
    "start": 1564070328685,
    "end": 1564070328685,
    "duration": 0,
    "pid": 26645,
    "index": 17
  },
  {
    "name": "Require(15) config/config.default.js",
    "start": 1564070328686,
    "end": 1564070328686,
    "duration": 0,
    "pid": 26645,
    "index": 18
  },
  {
    "name": "Require(16) node_modules/_egg-security@1.13.2@egg-security/config/config.local.js",
    "start": 1564070328686,
    "end": 1564070328686,
    "duration": 0,
    "pid": 26645,
    "index": 19
  },
  {
    "name": "Require(17) node_modules/_egg-watcher@2.2.0@egg-watcher/config/config.local.js",
    "start": 1564070328686,
    "end": 1564070328686,
    "duration": 0,
    "pid": 26645,
    "index": 20
  },
  {
    "name": "Require(18) node_modules/_egg-view@1.2.0@egg-view/config/config.local.js",
    "start": 1564070328686,
    "end": 1564070328687,
    "duration": 1,
    "pid": 26645,
    "index": 21
  },
  {
    "name": "Require(19) node_modules/_egg@1.19.0@egg/config/config.local.js",
    "start": 1564070328687,
    "end": 1564070328687,
    "duration": 0,
    "pid": 26645,
    "index": 22
  },
  {
    "name": "Load extend/application.js",
    "start": 1564070328688,
    "end": 1564070328691,
    "duration": 3,
    "pid": 26645,
    "index": 23
  },
  {
    "name": "Require(20) node_modules/_egg-session@2.2.0@egg-session/app/extend/application.js",
    "start": 1564070328688,
    "end": 1564070328688,
    "duration": 0,
    "pid": 26645,
    "index": 24
  },
  {
    "name": "Require(21) node_modules/_egg-security@1.13.2@egg-security/app/extend/application.js",
    "start": 1564070328689,
    "end": 1564070328689,
    "duration": 0,
    "pid": 26645,
    "index": 25
  },
  {
    "name": "Require(22) node_modules/_egg-jsonp@1.2.2@egg-jsonp/app/extend/application.js",
    "start": 1564070328689,
    "end": 1564070328690,
    "duration": 1,
    "pid": 26645,
    "index": 26
  },
  {
    "name": "Require(23) node_modules/_egg-logrotator@2.3.3@egg-logrotator/app/extend/application.js",
    "start": 1564070328690,
    "end": 1564070328690,
    "duration": 0,
    "pid": 26645,
    "index": 27
  },
  {
    "name": "Require(24) node_modules/_egg-view@1.2.0@egg-view/app/extend/application.js",
    "start": 1564070328691,
    "end": 1564070328691,
    "duration": 0,
    "pid": 26645,
    "index": 28
  },
  {
    "name": "Load extend/request.js",
    "start": 1564070328691,
    "end": 1564070328693,
    "duration": 2,
    "pid": 26645,
    "index": 29
  },
  {
    "name": "Require(25) node_modules/_egg@1.19.0@egg/app/extend/request.js",
    "start": 1564070328692,
    "end": 1564070328692,
    "duration": 0,
    "pid": 26645,
    "index": 30
  },
  {
    "name": "Load extend/response.js",
    "start": 1564070328693,
    "end": 1564070328694,
    "duration": 1,
    "pid": 26645,
    "index": 31
  },
  {
    "name": "Require(26) node_modules/_egg@1.19.0@egg/app/extend/response.js",
    "start": 1564070328693,
    "end": 1564070328694,
    "duration": 1,
    "pid": 26645,
    "index": 32
  },
  {
    "name": "Load extend/context.js",
    "start": 1564070328694,
    "end": 1564070328730,
    "duration": 36,
    "pid": 26645,
    "index": 33
  },
  {
    "name": "Require(27) node_modules/_egg-security@1.13.2@egg-security/app/extend/context.js",
    "start": 1564070328694,
    "end": 1564070328697,
    "duration": 3,
    "pid": 26645,
    "index": 34
  },
  {
    "name": "Require(28) node_modules/_egg-jsonp@1.2.2@egg-jsonp/app/extend/context.js",
    "start": 1564070328698,
    "end": 1564070328698,
    "duration": 0,
    "pid": 26645,
    "index": 35
  },
  {
    "name": "Require(29) node_modules/_egg-i18n@1.2.0@egg-i18n/app/extend/context.js",
    "start": 1564070328698,
    "end": 1564070328698,
    "duration": 0,
    "pid": 26645,
    "index": 36
  },
  {
    "name": "Require(30) node_modules/_egg-multipart@1.5.1@egg-multipart/app/extend/context.js",
    "start": 1564070328698,
    "end": 1564070328726,
    "duration": 28,
    "pid": 26645,
    "index": 37
  },
  {
    "name": "Require(31) node_modules/_egg-view@1.2.0@egg-view/app/extend/context.js",
    "start": 1564070328726,
    "end": 1564070328728,
    "duration": 2,
    "pid": 26645,
    "index": 38
  },
  {
    "name": "Require(32) node_modules/_egg-validate@1.1.1@egg-validate/app/extend/context.js",
    "start": 1564070328728,
    "end": 1564070328729,
    "duration": 1,
    "pid": 26645,
    "index": 39
  },
  {
    "name": "Require(33) node_modules/_egg@1.19.0@egg/app/extend/context.js",
    "start": 1564070328729,
    "end": 1564070328730,
    "duration": 1,
    "pid": 26645,
    "index": 40
  },
  {
    "name": "Load extend/helper.js",
    "start": 1564070328730,
    "end": 1564070328740,
    "duration": 10,
    "pid": 26645,
    "index": 41
  },
  {
    "name": "Require(34) node_modules/_egg-security@1.13.2@egg-security/app/extend/helper.js",
    "start": 1564070328730,
    "end": 1564070328739,
    "duration": 9,
    "pid": 26645,
    "index": 42
  },
  {
    "name": "Require(35) node_modules/_egg@1.19.0@egg/app/extend/helper.js",
    "start": 1564070328739,
    "end": 1564070328739,
    "duration": 0,
    "pid": 26645,
    "index": 43
  },
  {
    "name": "Load app.js",
    "start": 1564070328740,
    "end": 1564070328826,
    "duration": 86,
    "pid": 26645,
    "index": 44
  },
  {
    "name": "Require(36) node_modules/_egg-session@2.2.0@egg-session/app.js",
    "start": 1564070328740,
    "end": 1564070328740,
    "duration": 0,
    "pid": 26645,
    "index": 45
  },
  {
    "name": "Require(37) node_modules/_egg-security@1.13.2@egg-security/app.js",
    "start": 1564070328740,
    "end": 1564070328741,
    "duration": 1,
    "pid": 26645,
    "index": 46
  },
  {
    "name": "Require(38) node_modules/_egg-onerror@1.6.0@egg-onerror/app.js",
    "start": 1564070328742,
    "end": 1564070328748,
    "duration": 6,
    "pid": 26645,
    "index": 47
  },
  {
    "name": "Require(39) node_modules/_egg-i18n@1.2.0@egg-i18n/app.js",
    "start": 1564070328748,
    "end": 1564070328752,
    "duration": 4,
    "pid": 26645,
    "index": 48
  },
  {
    "name": "Require(40) node_modules/_egg-watcher@2.2.0@egg-watcher/app.js",
    "start": 1564070328753,
    "end": 1564070328754,
    "duration": 1,
    "pid": 26645,
    "index": 49
  },
  {
    "name": "Before Start in node_modules/_egg-watcher@2.2.0@egg-watcher/app.js:15:7",
    "start": 1564070328762,
    "end": 1564070329109,
    "duration": 347,
    "pid": 26645,
    "index": 50
  },
  {
    "name": "Require(41) node_modules/_egg-multipart@1.5.1@egg-multipart/app.js",
    "start": 1564070328763,
    "end": 1564070328765,
    "duration": 2,
    "pid": 26645,
    "index": 51
  },
  {
    "name": "Require(42) node_modules/_egg-development@1.4.2@egg-development/app.js",
    "start": 1564070328765,
    "end": 1564070328766,
    "duration": 1,
    "pid": 26645,
    "index": 52
  },
  {
    "name": "Before Start in node_modules/_egg-development@1.4.2@egg-development/app.js:12:7",
    "start": 1564070328766,
    "end": 1564070329106,
    "duration": 340,
    "pid": 26645,
    "index": 53
  },
  {
    "name": "Require(43) node_modules/_egg-schedule@2.6.0@egg-schedule/app.js",
    "start": 1564070328767,
    "end": 1564070328770,
    "duration": 3,
    "pid": 26645,
    "index": 54
  },
  {
    "name": "Require(44) node_modules/_egg-logrotator@2.3.3@egg-logrotator/app.js",
    "start": 1564070328794,
    "end": 1564070328794,
    "duration": 0,
    "pid": 26645,
    "index": 55
  },
  {
    "name": "Require(45) node_modules/_egg-static@1.5.1@egg-static/app.js",
    "start": 1564070328794,
    "end": 1564070328794,
    "duration": 0,
    "pid": 26645,
    "index": 56
  },
  {
    "name": "Require(46) node_modules/_egg-validate@1.1.1@egg-validate/app.js",
    "start": 1564070328794,
    "end": 1564070328795,
    "duration": 1,
    "pid": 26645,
    "index": 57
  },
  {
    "name": "Require(47) node_modules/_egg-mysql@3.0.0@egg-mysql/app.js",
    "start": 1564070328795,
    "end": 1564070328799,
    "duration": 4,
    "pid": 26645,
    "index": 58
  },
  {
    "name": "Before Start in node_modules/_egg-mysql@3.0.0@egg-mysql/lib/mysql.js:20:7",
    "start": 1564070328826,
    "end": 1564070329149,
    "duration": 323,
    "pid": 26645,
    "index": 59
  },
  {
    "name": "Require(48) node_modules/_egg-cors@2.2.0@egg-cors/app.js",
    "start": 1564070328826,
    "end": 1564070328826,
    "duration": 0,
    "pid": 26645,
    "index": 60
  },
  {
    "name": "Load Service",
    "start": 1564070328826,
    "end": 1564070328829,
    "duration": 3,
    "pid": 26645,
    "index": 61
  },
  {
    "name": "Load \"service\" to Context",
    "start": 1564070328826,
    "end": 1564070328829,
    "duration": 3,
    "pid": 26645,
    "index": 62
  },
  {
    "name": "Load Middleware",
    "start": 1564070328829,
    "end": 1564070328859,
    "duration": 30,
    "pid": 26645,
    "index": 63
  },
  {
    "name": "Load \"middlewares\" to Application",
    "start": 1564070328829,
    "end": 1564070328854,
    "duration": 25,
    "pid": 26645,
    "index": 64
  },
  {
    "name": "Load Controller",
    "start": 1564070328859,
    "end": 1564070329091,
    "duration": 232,
    "pid": 26645,
    "index": 65
  },
  {
    "name": "Load \"controller\" to Application",
    "start": 1564070328859,
    "end": 1564070329091,
    "duration": 232,
    "pid": 26645,
    "index": 66
  },
  {
    "name": "Load Router",
    "start": 1564070329091,
    "end": 1564070329093,
    "duration": 2,
    "pid": 26645,
    "index": 67
  },
  {
    "name": "Require(49) app/router.js",
    "start": 1564070329091,
    "end": 1564070329091,
    "duration": 0,
    "pid": 26645,
    "index": 68
  },
  {
    "name": "Before Start in node_modules/_egg-core@3.21.4@egg-core/lib/egg.js:330:10",
    "start": 1564070329092,
    "end": 1564070329101,
    "duration": 9,
    "pid": 26645,
    "index": 69
  }
]