[
  {
    "name": "Application Start",
    "start": 1564070660612,
    "end": 1564070661135,
    "duration": 523,
    "pid": 26980,
    "index": 0
  },
  {
    "name": "Load Plugin",
    "start": 1564070660615,
    "end": 1564070660622,
    "duration": 7,
    "pid": 26980,
    "index": 1
  },
  {
    "name": "Load Config",
    "start": 1564070660622,
    "end": 1564070660642,
    "duration": 20,
    "pid": 26980,
    "index": 2
  },
  {
    "name": "Require(0) config/config.default.js",
    "start": 1564070660622,
    "end": 1564070660622,
    "duration": 0,
    "pid": 26980,
    "index": 3
  },
  {
    "name": "Require(1) node_modules/_egg-session@2.2.0@egg-session/config/config.default.js",
    "start": 1564070660623,
    "end": 1564070660623,
    "duration": 0,
    "pid": 26980,
    "index": 4
  },
  {
    "name": "Require(2) node_modules/_egg-security@1.13.2@egg-security/config/config.default.js",
    "start": 1564070660624,
    "end": 1564070660624,
    "duration": 0,
    "pid": 26980,
    "index": 5
  },
  {
    "name": "Require(3) node_modules/_egg-jsonp@1.2.2@egg-jsonp/config/config.default.js",
    "start": 1564070660624,
    "end": 1564070660624,
    "duration": 0,
    "pid": 26980,
    "index": 6
  },
  {
    "name": "Require(4) node_modules/_egg-onerror@1.6.0@egg-onerror/config/config.default.js",
    "start": 1564070660624,
    "end": 1564070660625,
    "duration": 1,
    "pid": 26980,
    "index": 7
  },
  {
    "name": "Require(5) node_modules/_egg-i18n@1.2.0@egg-i18n/config/config.default.js",
    "start": 1564070660625,
    "end": 1564070660625,
    "duration": 0,
    "pid": 26980,
    "index": 8
  },
  {
    "name": "Require(6) node_modules/_egg-watcher@2.2.0@egg-watcher/config/config.default.js",
    "start": 1564070660625,
    "end": 1564070660625,
    "duration": 0,
    "pid": 26980,
    "index": 9
  },
  {
    "name": "Require(7) node_modules/_egg-multipart@1.5.1@egg-multipart/config/config.default.js",
    "start": 1564070660625,
    "end": 1564070660625,
    "duration": 0,
    "pid": 26980,
    "index": 10
  },
  {
    "name": "Require(8) node_modules/_egg-development@1.4.2@egg-development/config/config.default.js",
    "start": 1564070660625,
    "end": 1564070660626,
    "duration": 1,
    "pid": 26980,
    "index": 11
  },
  {
    "name": "Require(9) node_modules/_egg-logrotator@2.3.3@egg-logrotator/config/config.default.js",
    "start": 1564070660626,
    "end": 1564070660626,
    "duration": 0,
    "pid": 26980,
    "index": 12
  },
  {
    "name": "Require(10) node_modules/_egg-static@1.5.1@egg-static/config/config.default.js",
    "start": 1564070660626,
    "end": 1564070660627,
    "duration": 1,
    "pid": 26980,
    "index": 13
  },
  {
    "name": "Require(11) node_modules/_egg-view@1.2.0@egg-view/config/config.default.js",
    "start": 1564070660627,
    "end": 1564070660628,
    "duration": 1,
    "pid": 26980,
    "index": 14
  },
  {
    "name": "Require(12) node_modules/_egg-mysql@3.0.0@egg-mysql/config/config.default.js",
    "start": 1564070660628,
    "end": 1564070660630,
    "duration": 2,
    "pid": 26980,
    "index": 15
  },
  {
    "name": "Require(13) node_modules/_egg-cors@2.2.0@egg-cors/config/config.default.js",
    "start": 1564070660630,
    "end": 1564070660631,
    "duration": 1,
    "pid": 26980,
    "index": 16
  },
  {
    "name": "Require(14) node_modules/_egg@1.19.0@egg/config/config.default.js",
    "start": 1564070660636,
    "end": 1564070660638,
    "duration": 2,
    "pid": 26980,
    "index": 17
  },
  {
    "name": "Require(15) config/config.default.js",
    "start": 1564070660639,
    "end": 1564070660639,
    "duration": 0,
    "pid": 26980,
    "index": 18
  },
  {
    "name": "Require(16) node_modules/_egg-security@1.13.2@egg-security/config/config.local.js",
    "start": 1564070660639,
    "end": 1564070660640,
    "duration": 1,
    "pid": 26980,
    "index": 19
  },
  {
    "name": "Require(17) node_modules/_egg-watcher@2.2.0@egg-watcher/config/config.local.js",
    "start": 1564070660640,
    "end": 1564070660640,
    "duration": 0,
    "pid": 26980,
    "index": 20
  },
  {
    "name": "Require(18) node_modules/_egg-view@1.2.0@egg-view/config/config.local.js",
    "start": 1564070660641,
    "end": 1564070660641,
    "duration": 0,
    "pid": 26980,
    "index": 21
  },
  {
    "name": "Require(19) node_modules/_egg@1.19.0@egg/config/config.local.js",
    "start": 1564070660641,
    "end": 1564070660642,
    "duration": 1,
    "pid": 26980,
    "index": 22
  },
  {
    "name": "Load extend/application.js",
    "start": 1564070660643,
    "end": 1564070660657,
    "duration": 14,
    "pid": 26980,
    "index": 23
  },
  {
    "name": "Require(20) node_modules/_egg-session@2.2.0@egg-session/app/extend/application.js",
    "start": 1564070660644,
    "end": 1564070660644,
    "duration": 0,
    "pid": 26980,
    "index": 24
  },
  {
    "name": "Require(21) node_modules/_egg-security@1.13.2@egg-security/app/extend/application.js",
    "start": 1564070660644,
    "end": 1564070660645,
    "duration": 1,
    "pid": 26980,
    "index": 25
  },
  {
    "name": "Require(22) node_modules/_egg-jsonp@1.2.2@egg-jsonp/app/extend/application.js",
    "start": 1564070660645,
    "end": 1564070660648,
    "duration": 3,
    "pid": 26980,
    "index": 26
  },
  {
    "name": "Require(23) node_modules/_egg-logrotator@2.3.3@egg-logrotator/app/extend/application.js",
    "start": 1564070660649,
    "end": 1564070660654,
    "duration": 5,
    "pid": 26980,
    "index": 27
  },
  {
    "name": "Require(24) node_modules/_egg-view@1.2.0@egg-view/app/extend/application.js",
    "start": 1564070660655,
    "end": 1564070660656,
    "duration": 1,
    "pid": 26980,
    "index": 28
  },
  {
    "name": "Load extend/request.js",
    "start": 1564070660657,
    "end": 1564070660660,
    "duration": 3,
    "pid": 26980,
    "index": 29
  },
  {
    "name": "Require(25) node_modules/_egg@1.19.0@egg/app/extend/request.js",
    "start": 1564070660658,
    "end": 1564070660659,
    "duration": 1,
    "pid": 26980,
    "index": 30
  },
  {
    "name": "Load extend/response.js",
    "start": 1564070660660,
    "end": 1564070660662,
    "duration": 2,
    "pid": 26980,
    "index": 31
  },
  {
    "name": "Require(26) node_modules/_egg@1.19.0@egg/app/extend/response.js",
    "start": 1564070660660,
    "end": 1564070660662,
    "duration": 2,
    "pid": 26980,
    "index": 32
  },
  {
    "name": "Load extend/context.js",
    "start": 1564070660663,
    "end": 1564070660701,
    "duration": 38,
    "pid": 26980,
    "index": 33
  },
  {
    "name": "Require(27) node_modules/_egg-security@1.13.2@egg-security/app/extend/context.js",
    "start": 1564070660663,
    "end": 1564070660668,
    "duration": 5,
    "pid": 26980,
    "index": 34
  },
  {
    "name": "Require(28) node_modules/_egg-jsonp@1.2.2@egg-jsonp/app/extend/context.js",
    "start": 1564070660669,
    "end": 1564070660669,
    "duration": 0,
    "pid": 26980,
    "index": 35
  },
  {
    "name": "Require(29) node_modules/_egg-i18n@1.2.0@egg-i18n/app/extend/context.js",
    "start": 1564070660670,
    "end": 1564070660670,
    "duration": 0,
    "pid": 26980,
    "index": 36
  },
  {
    "name": "Require(30) node_modules/_egg-multipart@1.5.1@egg-multipart/app/extend/context.js",
    "start": 1564070660670,
    "end": 1564070660698,
    "duration": 28,
    "pid": 26980,
    "index": 37
  },
  {
    "name": "Require(31) node_modules/_egg-view@1.2.0@egg-view/app/extend/context.js",
    "start": 1564070660699,
    "end": 1564070660700,
    "duration": 1,
    "pid": 26980,
    "index": 38
  },
  {
    "name": "Require(32) node_modules/_egg-validate@1.1.1@egg-validate/app/extend/context.js",
    "start": 1564070660700,
    "end": 1564070660700,
    "duration": 0,
    "pid": 26980,
    "index": 39
  },
  {
    "name": "Require(33) node_modules/_egg@1.19.0@egg/app/extend/context.js",
    "start": 1564070660700,
    "end": 1564070660701,
    "duration": 1,
    "pid": 26980,
    "index": 40
  },
  {
    "name": "Load extend/helper.js",
    "start": 1564070660701,
    "end": 1564070660710,
    "duration": 9,
    "pid": 26980,
    "index": 41
  },
  {
    "name": "Require(34) node_modules/_egg-security@1.13.2@egg-security/app/extend/helper.js",
    "start": 1564070660701,
    "end": 1564070660709,
    "duration": 8,
    "pid": 26980,
    "index": 42
  },
  {
    "name": "Require(35) node_modules/_egg@1.19.0@egg/app/extend/helper.js",
    "start": 1564070660710,
    "end": 1564070660710,
    "duration": 0,
    "pid": 26980,
    "index": 43
  },
  {
    "name": "Load app.js",
    "start": 1564070660710,
    "end": 1564070660805,
    "duration": 95,
    "pid": 26980,
    "index": 44
  },
  {
    "name": "Require(36) node_modules/_egg-session@2.2.0@egg-session/app.js",
    "start": 1564070660711,
    "end": 1564070660711,
    "duration": 0,
    "pid": 26980,
    "index": 45
  },
  {
    "name": "Require(37) node_modules/_egg-security@1.13.2@egg-security/app.js",
    "start": 1564070660711,
    "end": 1564070660711,
    "duration": 0,
    "pid": 26980,
    "index": 46
  },
  {
    "name": "Require(38) node_modules/_egg-onerror@1.6.0@egg-onerror/app.js",
    "start": 1564070660714,
    "end": 1564070660720,
    "duration": 6,
    "pid": 26980,
    "index": 47
  },
  {
    "name": "Require(39) node_modules/_egg-i18n@1.2.0@egg-i18n/app.js",
    "start": 1564070660720,
    "end": 1564070660724,
    "duration": 4,
    "pid": 26980,
    "index": 48
  },
  {
    "name": "Require(40) node_modules/_egg-watcher@2.2.0@egg-watcher/app.js",
    "start": 1564070660725,
    "end": 1564070660726,
    "duration": 1,
    "pid": 26980,
    "index": 49
  },
  {
    "name": "Before Start in node_modules/_egg-watcher@2.2.0@egg-watcher/app.js:15:7",
    "start": 1564070660734,
    "end": 1564070661102,
    "duration": 368,
    "pid": 26980,
    "index": 50
  },
  {
    "name": "Require(41) node_modules/_egg-multipart@1.5.1@egg-multipart/app.js",
    "start": 1564070660736,
    "end": 1564070660740,
    "duration": 4,
    "pid": 26980,
    "index": 51
  },
  {
    "name": "Require(42) node_modules/_egg-development@1.4.2@egg-development/app.js",
    "start": 1564070660741,
    "end": 1564070660741,
    "duration": 0,
    "pid": 26980,
    "index": 52
  },
  {
    "name": "Before Start in node_modules/_egg-development@1.4.2@egg-development/app.js:12:7",
    "start": 1564070660741,
    "end": 1564070661100,
    "duration": 359,
    "pid": 26980,
    "index": 53
  },
  {
    "name": "Require(43) node_modules/_egg-schedule@2.6.0@egg-schedule/app.js",
    "start": 1564070660741,
    "end": 1564070660742,
    "duration": 1,
    "pid": 26980,
    "index": 54
  },
  {
    "name": "Require(44) node_modules/_egg-logrotator@2.3.3@egg-logrotator/app.js",
    "start": 1564070660765,
    "end": 1564070660765,
    "duration": 0,
    "pid": 26980,
    "index": 55
  },
  {
    "name": "Require(45) node_modules/_egg-static@1.5.1@egg-static/app.js",
    "start": 1564070660765,
    "end": 1564070660765,
    "duration": 0,
    "pid": 26980,
    "index": 56
  },
  {
    "name": "Require(46) node_modules/_egg-validate@1.1.1@egg-validate/app.js",
    "start": 1564070660765,
    "end": 1564070660766,
    "duration": 1,
    "pid": 26980,
    "index": 57
  },
  {
    "name": "Require(47) node_modules/_egg-mysql@3.0.0@egg-mysql/app.js",
    "start": 1564070660766,
    "end": 1564070660776,
    "duration": 10,
    "pid": 26980,
    "index": 58
  },
  {
    "name": "Before Start in node_modules/_egg-mysql@3.0.0@egg-mysql/lib/mysql.js:20:7",
    "start": 1564070660804,
    "end": 1564070661134,
    "duration": 330,
    "pid": 26980,
    "index": 59
  },
  {
    "name": "Require(48) node_modules/_egg-cors@2.2.0@egg-cors/app.js",
    "start": 1564070660804,
    "end": 1564070660805,
    "duration": 1,
    "pid": 26980,
    "index": 60
  },
  {
    "name": "Load Service",
    "start": 1564070660805,
    "end": 1564070660808,
    "duration": 3,
    "pid": 26980,
    "index": 61
  },
  {
    "name": "Load \"service\" to Context",
    "start": 1564070660805,
    "end": 1564070660808,
    "duration": 3,
    "pid": 26980,
    "index": 62
  },
  {
    "name": "Load Middleware",
    "start": 1564070660808,
    "end": 1564070660841,
    "duration": 33,
    "pid": 26980,
    "index": 63
  },
  {
    "name": "Load \"middlewares\" to Application",
    "start": 1564070660808,
    "end": 1564070660835,
    "duration": 27,
    "pid": 26980,
    "index": 64
  },
  {
    "name": "Load Controller",
    "start": 1564070660842,
    "end": 1564070661084,
    "duration": 242,
    "pid": 26980,
    "index": 65
  },
  {
    "name": "Load \"controller\" to Application",
    "start": 1564070660842,
    "end": 1564070661084,
    "duration": 242,
    "pid": 26980,
    "index": 66
  },
  {
    "name": "Load Router",
    "start": 1564070661084,
    "end": 1564070661086,
    "duration": 2,
    "pid": 26980,
    "index": 67
  },
  {
    "name": "Require(49) app/router.js",
    "start": 1564070661084,
    "end": 1564070661084,
    "duration": 0,
    "pid": 26980,
    "index": 68
  },
  {
    "name": "Before Start in node_modules/_egg-core@3.21.4@egg-core/lib/egg.js:330:10",
    "start": 1564070661084,
    "end": 1564070661094,
    "duration": 10,
    "pid": 26980,
    "index": 69
  }
]