[
  {
    "name": "Application Start",
    "start": 1564070583074,
    "end": 1564070583653,
    "duration": 579,
    "pid": 26826,
    "index": 0
  },
  {
    "name": "Load Plugin",
    "start": 1564070583078,
    "end": 1564070583089,
    "duration": 11,
    "pid": 26826,
    "index": 1
  },
  {
    "name": "Load Config",
    "start": 1564070583089,
    "end": 1564070583099,
    "duration": 10,
    "pid": 26826,
    "index": 2
  },
  {
    "name": "Require(0) config/config.default.js",
    "start": 1564070583089,
    "end": 1564070583090,
    "duration": 1,
    "pid": 26826,
    "index": 3
  },
  {
    "name": "Require(1) node_modules/_egg-session@2.2.0@egg-session/config/config.default.js",
    "start": 1564070583090,
    "end": 1564070583091,
    "duration": 1,
    "pid": 26826,
    "index": 4
  },
  {
    "name": "Require(2) node_modules/_egg-security@1.13.2@egg-security/config/config.default.js",
    "start": 1564070583091,
    "end": 1564070583091,
    "duration": 0,
    "pid": 26826,
    "index": 5
  },
  {
    "name": "Require(3) node_modules/_egg-jsonp@1.2.2@egg-jsonp/config/config.default.js",
    "start": 1564070583091,
    "end": 1564070583091,
    "duration": 0,
    "pid": 26826,
    "index": 6
  },
  {
    "name": "Require(4) node_modules/_egg-onerror@1.6.0@egg-onerror/config/config.default.js",
    "start": 1564070583092,
    "end": 1564070583092,
    "duration": 0,
    "pid": 26826,
    "index": 7
  },
  {
    "name": "Require(5) node_modules/_egg-i18n@1.2.0@egg-i18n/config/config.default.js",
    "start": 1564070583092,
    "end": 1564070583092,
    "duration": 0,
    "pid": 26826,
    "index": 8
  },
  {
    "name": "Require(6) node_modules/_egg-watcher@2.2.0@egg-watcher/config/config.default.js",
    "start": 1564070583092,
    "end": 1564070583092,
    "duration": 0,
    "pid": 26826,
    "index": 9
  },
  {
    "name": "Require(7) node_modules/_egg-multipart@1.5.1@egg-multipart/config/config.default.js",
    "start": 1564070583093,
    "end": 1564070583093,
    "duration": 0,
    "pid": 26826,
    "index": 10
  },
  {
    "name": "Require(8) node_modules/_egg-development@1.4.2@egg-development/config/config.default.js",
    "start": 1564070583093,
    "end": 1564070583093,
    "duration": 0,
    "pid": 26826,
    "index": 11
  },
  {
    "name": "Require(9) node_modules/_egg-logrotator@2.3.3@egg-logrotator/config/config.default.js",
    "start": 1564070583093,
    "end": 1564070583094,
    "duration": 1,
    "pid": 26826,
    "index": 12
  },
  {
    "name": "Require(10) node_modules/_egg-static@1.5.1@egg-static/config/config.default.js",
    "start": 1564070583094,
    "end": 1564070583094,
    "duration": 0,
    "pid": 26826,
    "index": 13
  },
  {
    "name": "Require(11) node_modules/_egg-view@1.2.0@egg-view/config/config.default.js",
    "start": 1564070583094,
    "end": 1564070583095,
    "duration": 1,
    "pid": 26826,
    "index": 14
  },
  {
    "name": "Require(12) node_modules/_egg-mysql@3.0.0@egg-mysql/config/config.default.js",
    "start": 1564070583095,
    "end": 1564070583095,
    "duration": 0,
    "pid": 26826,
    "index": 15
  },
  {
    "name": "Require(13) node_modules/_egg-cors@2.2.0@egg-cors/config/config.default.js",
    "start": 1564070583095,
    "end": 1564070583095,
    "duration": 0,
    "pid": 26826,
    "index": 16
  },
  {
    "name": "Require(14) node_modules/_egg@1.19.0@egg/config/config.default.js",
    "start": 1564070583096,
    "end": 1564070583096,
    "duration": 0,
    "pid": 26826,
    "index": 17
  },
  {
    "name": "Require(15) config/config.default.js",
    "start": 1564070583098,
    "end": 1564070583098,
    "duration": 0,
    "pid": 26826,
    "index": 18
  },
  {
    "name": "Require(16) node_modules/_egg-security@1.13.2@egg-security/config/config.local.js",
    "start": 1564070583098,
    "end": 1564070583098,
    "duration": 0,
    "pid": 26826,
    "index": 19
  },
  {
    "name": "Require(17) node_modules/_egg-watcher@2.2.0@egg-watcher/config/config.local.js",
    "start": 1564070583099,
    "end": 1564070583099,
    "duration": 0,
    "pid": 26826,
    "index": 20
  },
  {
    "name": "Require(18) node_modules/_egg-view@1.2.0@egg-view/config/config.local.js",
    "start": 1564070583099,
    "end": 1564070583099,
    "duration": 0,
    "pid": 26826,
    "index": 21
  },
  {
    "name": "Require(19) node_modules/_egg@1.19.0@egg/config/config.local.js",
    "start": 1564070583099,
    "end": 1564070583099,
    "duration": 0,
    "pid": 26826,
    "index": 22
  },
  {
    "name": "Load extend/application.js",
    "start": 1564070583101,
    "end": 1564070583106,
    "duration": 5,
    "pid": 26826,
    "index": 23
  },
  {
    "name": "Require(20) node_modules/_egg-session@2.2.0@egg-session/app/extend/application.js",
    "start": 1564070583102,
    "end": 1564070583102,
    "duration": 0,
    "pid": 26826,
    "index": 24
  },
  {
    "name": "Require(21) node_modules/_egg-security@1.13.2@egg-security/app/extend/application.js",
    "start": 1564070583102,
    "end": 1564070583103,
    "duration": 1,
    "pid": 26826,
    "index": 25
  },
  {
    "name": "Require(22) node_modules/_egg-jsonp@1.2.2@egg-jsonp/app/extend/application.js",
    "start": 1564070583103,
    "end": 1564070583103,
    "duration": 0,
    "pid": 26826,
    "index": 26
  },
  {
    "name": "Require(23) node_modules/_egg-logrotator@2.3.3@egg-logrotator/app/extend/application.js",
    "start": 1564070583104,
    "end": 1564070583105,
    "duration": 1,
    "pid": 26826,
    "index": 27
  },
  {
    "name": "Require(24) node_modules/_egg-view@1.2.0@egg-view/app/extend/application.js",
    "start": 1564070583105,
    "end": 1564070583105,
    "duration": 0,
    "pid": 26826,
    "index": 28
  },
  {
    "name": "Load extend/request.js",
    "start": 1564070583106,
    "end": 1564070583107,
    "duration": 1,
    "pid": 26826,
    "index": 29
  },
  {
    "name": "Require(25) node_modules/_egg@1.19.0@egg/app/extend/request.js",
    "start": 1564070583106,
    "end": 1564070583107,
    "duration": 1,
    "pid": 26826,
    "index": 30
  },
  {
    "name": "Load extend/response.js",
    "start": 1564070583107,
    "end": 1564070583108,
    "duration": 1,
    "pid": 26826,
    "index": 31
  },
  {
    "name": "Require(26) node_modules/_egg@1.19.0@egg/app/extend/response.js",
    "start": 1564070583108,
    "end": 1564070583108,
    "duration": 0,
    "pid": 26826,
    "index": 32
  },
  {
    "name": "Load extend/context.js",
    "start": 1564070583109,
    "end": 1564070583156,
    "duration": 47,
    "pid": 26826,
    "index": 33
  },
  {
    "name": "Require(27) node_modules/_egg-security@1.13.2@egg-security/app/extend/context.js",
    "start": 1564070583109,
    "end": 1564070583115,
    "duration": 6,
    "pid": 26826,
    "index": 34
  },
  {
    "name": "Require(28) node_modules/_egg-jsonp@1.2.2@egg-jsonp/app/extend/context.js",
    "start": 1564070583115,
    "end": 1564070583116,
    "duration": 1,
    "pid": 26826,
    "index": 35
  },
  {
    "name": "Require(29) node_modules/_egg-i18n@1.2.0@egg-i18n/app/extend/context.js",
    "start": 1564070583116,
    "end": 1564070583116,
    "duration": 0,
    "pid": 26826,
    "index": 36
  },
  {
    "name": "Require(30) node_modules/_egg-multipart@1.5.1@egg-multipart/app/extend/context.js",
    "start": 1564070583116,
    "end": 1564070583151,
    "duration": 35,
    "pid": 26826,
    "index": 37
  },
  {
    "name": "Require(31) node_modules/_egg-view@1.2.0@egg-view/app/extend/context.js",
    "start": 1564070583151,
    "end": 1564070583152,
    "duration": 1,
    "pid": 26826,
    "index": 38
  },
  {
    "name": "Require(32) node_modules/_egg-validate@1.1.1@egg-validate/app/extend/context.js",
    "start": 1564070583153,
    "end": 1564070583153,
    "duration": 0,
    "pid": 26826,
    "index": 39
  },
  {
    "name": "Require(33) node_modules/_egg@1.19.0@egg/app/extend/context.js",
    "start": 1564070583153,
    "end": 1564070583155,
    "duration": 2,
    "pid": 26826,
    "index": 40
  },
  {
    "name": "Load extend/helper.js",
    "start": 1564070583156,
    "end": 1564070583168,
    "duration": 12,
    "pid": 26826,
    "index": 41
  },
  {
    "name": "Require(34) node_modules/_egg-security@1.13.2@egg-security/app/extend/helper.js",
    "start": 1564070583156,
    "end": 1564070583166,
    "duration": 10,
    "pid": 26826,
    "index": 42
  },
  {
    "name": "Require(35) node_modules/_egg@1.19.0@egg/app/extend/helper.js",
    "start": 1564070583167,
    "end": 1564070583167,
    "duration": 0,
    "pid": 26826,
    "index": 43
  },
  {
    "name": "Load app.js",
    "start": 1564070583168,
    "end": 1564070583264,
    "duration": 96,
    "pid": 26826,
    "index": 44
  },
  {
    "name": "Require(36) node_modules/_egg-session@2.2.0@egg-session/app.js",
    "start": 1564070583169,
    "end": 1564070583169,
    "duration": 0,
    "pid": 26826,
    "index": 45
  },
  {
    "name": "Require(37) node_modules/_egg-security@1.13.2@egg-security/app.js",
    "start": 1564070583169,
    "end": 1564070583170,
    "duration": 1,
    "pid": 26826,
    "index": 46
  },
  {
    "name": "Require(38) node_modules/_egg-onerror@1.6.0@egg-onerror/app.js",
    "start": 1564070583171,
    "end": 1564070583175,
    "duration": 4,
    "pid": 26826,
    "index": 47
  },
  {
    "name": "Require(39) node_modules/_egg-i18n@1.2.0@egg-i18n/app.js",
    "start": 1564070583176,
    "end": 1564070583181,
    "duration": 5,
    "pid": 26826,
    "index": 48
  },
  {
    "name": "Require(40) node_modules/_egg-watcher@2.2.0@egg-watcher/app.js",
    "start": 1564070583182,
    "end": 1564070583184,
    "duration": 2,
    "pid": 26826,
    "index": 49
  },
  {
    "name": "Before Start in node_modules/_egg-watcher@2.2.0@egg-watcher/app.js:15:7",
    "start": 1564070583194,
    "end": 1564070583611,
    "duration": 417,
    "pid": 26826,
    "index": 50
  },
  {
    "name": "Require(41) node_modules/_egg-multipart@1.5.1@egg-multipart/app.js",
    "start": 1564070583196,
    "end": 1564070583198,
    "duration": 2,
    "pid": 26826,
    "index": 51
  },
  {
    "name": "Require(42) node_modules/_egg-development@1.4.2@egg-development/app.js",
    "start": 1564070583198,
    "end": 1564070583201,
    "duration": 3,
    "pid": 26826,
    "index": 52
  },
  {
    "name": "Before Start in node_modules/_egg-development@1.4.2@egg-development/app.js:12:7",
    "start": 1564070583201,
    "end": 1564070583608,
    "duration": 407,
    "pid": 26826,
    "index": 53
  },
  {
    "name": "Require(43) node_modules/_egg-schedule@2.6.0@egg-schedule/app.js",
    "start": 1564070583201,
    "end": 1564070583202,
    "duration": 1,
    "pid": 26826,
    "index": 54
  },
  {
    "name": "Require(44) node_modules/_egg-logrotator@2.3.3@egg-logrotator/app.js",
    "start": 1564070583224,
    "end": 1564070583224,
    "duration": 0,
    "pid": 26826,
    "index": 55
  },
  {
    "name": "Require(45) node_modules/_egg-static@1.5.1@egg-static/app.js",
    "start": 1564070583224,
    "end": 1564070583224,
    "duration": 0,
    "pid": 26826,
    "index": 56
  },
  {
    "name": "Require(46) node_modules/_egg-validate@1.1.1@egg-validate/app.js",
    "start": 1564070583225,
    "end": 1564070583225,
    "duration": 0,
    "pid": 26826,
    "index": 57
  },
  {
    "name": "Require(47) node_modules/_egg-mysql@3.0.0@egg-mysql/app.js",
    "start": 1564070583226,
    "end": 1564070583234,
    "duration": 8,
    "pid": 26826,
    "index": 58
  },
  {
    "name": "Before Start in node_modules/_egg-mysql@3.0.0@egg-mysql/lib/mysql.js:20:7",
    "start": 1564070583264,
    "end": 1564070583653,
    "duration": 389,
    "pid": 26826,
    "index": 59
  },
  {
    "name": "Require(48) node_modules/_egg-cors@2.2.0@egg-cors/app.js",
    "start": 1564070583264,
    "end": 1564070583264,
    "duration": 0,
    "pid": 26826,
    "index": 60
  },
  {
    "name": "Load Service",
    "start": 1564070583264,
    "end": 1564070583267,
    "duration": 3,
    "pid": 26826,
    "index": 61
  },
  {
    "name": "Load \"service\" to Context",
    "start": 1564070583265,
    "end": 1564070583267,
    "duration": 2,
    "pid": 26826,
    "index": 62
  },
  {
    "name": "Load Middleware",
    "start": 1564070583268,
    "end": 1564070583309,
    "duration": 41,
    "pid": 26826,
    "index": 63
  },
  {
    "name": "Load \"middlewares\" to Application",
    "start": 1564070583268,
    "end": 1564070583299,
    "duration": 31,
    "pid": 26826,
    "index": 64
  },
  {
    "name": "Load Controller",
    "start": 1564070583309,
    "end": 1564070583589,
    "duration": 280,
    "pid": 26826,
    "index": 65
  },
  {
    "name": "Load \"controller\" to Application",
    "start": 1564070583309,
    "end": 1564070583589,
    "duration": 280,
    "pid": 26826,
    "index": 66
  },
  {
    "name": "Load Router",
    "start": 1564070583589,
    "end": 1564070583592,
    "duration": 3,
    "pid": 26826,
    "index": 67
  },
  {
    "name": "Require(49) app/router.js",
    "start": 1564070583589,
    "end": 1564070583590,
    "duration": 1,
    "pid": 26826,
    "index": 68
  },
  {
    "name": "Before Start in node_modules/_egg-core@3.21.4@egg-core/lib/egg.js:330:10",
    "start": 1564070583590,
    "end": 1564070583603,
    "duration": 13,
    "pid": 26826,
    "index": 69
  }
]