[
  {
    "name": "Application Start",
    "start": 1564070793237,
    "end": 1564070793757,
    "duration": 520,
    "pid": 27158,
    "index": 0
  },
  {
    "name": "Load Plugin",
    "start": 1564070793241,
    "end": 1564070793247,
    "duration": 6,
    "pid": 27158,
    "index": 1
  },
  {
    "name": "Load Config",
    "start": 1564070793247,
    "end": 1564070793255,
    "duration": 8,
    "pid": 27158,
    "index": 2
  },
  {
    "name": "Require(0) config/config.default.js",
    "start": 1564070793247,
    "end": 1564070793247,
    "duration": 0,
    "pid": 27158,
    "index": 3
  },
  {
    "name": "Require(1) node_modules/_egg-session@2.2.0@egg-session/config/config.default.js",
    "start": 1564070793248,
    "end": 1564070793248,
    "duration": 0,
    "pid": 27158,
    "index": 4
  },
  {
    "name": "Require(2) node_modules/_egg-security@1.13.2@egg-security/config/config.default.js",
    "start": 1564070793249,
    "end": 1564070793249,
    "duration": 0,
    "pid": 27158,
    "index": 5
  },
  {
    "name": "Require(3) node_modules/_egg-jsonp@1.2.2@egg-jsonp/config/config.default.js",
    "start": 1564070793249,
    "end": 1564070793249,
    "duration": 0,
    "pid": 27158,
    "index": 6
  },
  {
    "name": "Require(4) node_modules/_egg-onerror@1.6.0@egg-onerror/config/config.default.js",
    "start": 1564070793249,
    "end": 1564070793250,
    "duration": 1,
    "pid": 27158,
    "index": 7
  },
  {
    "name": "Require(5) node_modules/_egg-i18n@1.2.0@egg-i18n/config/config.default.js",
    "start": 1564070793250,
    "end": 1564070793250,
    "duration": 0,
    "pid": 27158,
    "index": 8
  },
  {
    "name": "Require(6) node_modules/_egg-watcher@2.2.0@egg-watcher/config/config.default.js",
    "start": 1564070793250,
    "end": 1564070793250,
    "duration": 0,
    "pid": 27158,
    "index": 9
  },
  {
    "name": "Require(7) node_modules/_egg-multipart@1.5.1@egg-multipart/config/config.default.js",
    "start": 1564070793250,
    "end": 1564070793251,
    "duration": 1,
    "pid": 27158,
    "index": 10
  },
  {
    "name": "Require(8) node_modules/_egg-development@1.4.2@egg-development/config/config.default.js",
    "start": 1564070793251,
    "end": 1564070793251,
    "duration": 0,
    "pid": 27158,
    "index": 11
  },
  {
    "name": "Require(9) node_modules/_egg-logrotator@2.3.3@egg-logrotator/config/config.default.js",
    "start": 1564070793251,
    "end": 1564070793251,
    "duration": 0,
    "pid": 27158,
    "index": 12
  },
  {
    "name": "Require(10) node_modules/_egg-static@1.5.1@egg-static/config/config.default.js",
    "start": 1564070793251,
    "end": 1564070793251,
    "duration": 0,
    "pid": 27158,
    "index": 13
  },
  {
    "name": "Require(11) node_modules/_egg-view@1.2.0@egg-view/config/config.default.js",
    "start": 1564070793252,
    "end": 1564070793252,
    "duration": 0,
    "pid": 27158,
    "index": 14
  },
  {
    "name": "Require(12) node_modules/_egg-mysql@3.0.0@egg-mysql/config/config.default.js",
    "start": 1564070793252,
    "end": 1564070793252,
    "duration": 0,
    "pid": 27158,
    "index": 15
  },
  {
    "name": "Require(13) node_modules/_egg-cors@2.2.0@egg-cors/config/config.default.js",
    "start": 1564070793252,
    "end": 1564070793252,
    "duration": 0,
    "pid": 27158,
    "index": 16
  },
  {
    "name": "Require(14) node_modules/_egg@1.19.0@egg/config/config.default.js",
    "start": 1564070793252,
    "end": 1564070793253,
    "duration": 1,
    "pid": 27158,
    "index": 17
  },
  {
    "name": "Require(15) config/config.default.js",
    "start": 1564070793254,
    "end": 1564070793254,
    "duration": 0,
    "pid": 27158,
    "index": 18
  },
  {
    "name": "Require(16) node_modules/_egg-security@1.13.2@egg-security/config/config.local.js",
    "start": 1564070793254,
    "end": 1564070793254,
    "duration": 0,
    "pid": 27158,
    "index": 19
  },
  {
    "name": "Require(17) node_modules/_egg-watcher@2.2.0@egg-watcher/config/config.local.js",
    "start": 1564070793254,
    "end": 1564070793254,
    "duration": 0,
    "pid": 27158,
    "index": 20
  },
  {
    "name": "Require(18) node_modules/_egg-view@1.2.0@egg-view/config/config.local.js",
    "start": 1564070793255,
    "end": 1564070793255,
    "duration": 0,
    "pid": 27158,
    "index": 21
  },
  {
    "name": "Require(19) node_modules/_egg@1.19.0@egg/config/config.local.js",
    "start": 1564070793255,
    "end": 1564070793255,
    "duration": 0,
    "pid": 27158,
    "index": 22
  },
  {
    "name": "Load extend/application.js",
    "start": 1564070793256,
    "end": 1564070793260,
    "duration": 4,
    "pid": 27158,
    "index": 23
  },
  {
    "name": "Require(20) node_modules/_egg-session@2.2.0@egg-session/app/extend/application.js",
    "start": 1564070793256,
    "end": 1564070793257,
    "duration": 1,
    "pid": 27158,
    "index": 24
  },
  {
    "name": "Require(21) node_modules/_egg-security@1.13.2@egg-security/app/extend/application.js",
    "start": 1564070793257,
    "end": 1564070793257,
    "duration": 0,
    "pid": 27158,
    "index": 25
  },
  {
    "name": "Require(22) node_modules/_egg-jsonp@1.2.2@egg-jsonp/app/extend/application.js",
    "start": 1564070793257,
    "end": 1564070793258,
    "duration": 1,
    "pid": 27158,
    "index": 26
  },
  {
    "name": "Require(23) node_modules/_egg-logrotator@2.3.3@egg-logrotator/app/extend/application.js",
    "start": 1564070793258,
    "end": 1564070793259,
    "duration": 1,
    "pid": 27158,
    "index": 27
  },
  {
    "name": "Require(24) node_modules/_egg-view@1.2.0@egg-view/app/extend/application.js",
    "start": 1564070793259,
    "end": 1564070793259,
    "duration": 0,
    "pid": 27158,
    "index": 28
  },
  {
    "name": "Load extend/request.js",
    "start": 1564070793260,
    "end": 1564070793262,
    "duration": 2,
    "pid": 27158,
    "index": 29
  },
  {
    "name": "Require(25) node_modules/_egg@1.19.0@egg/app/extend/request.js",
    "start": 1564070793260,
    "end": 1564070793261,
    "duration": 1,
    "pid": 27158,
    "index": 30
  },
  {
    "name": "Load extend/response.js",
    "start": 1564070793262,
    "end": 1564070793264,
    "duration": 2,
    "pid": 27158,
    "index": 31
  },
  {
    "name": "Require(26) node_modules/_egg@1.19.0@egg/app/extend/response.js",
    "start": 1564070793262,
    "end": 1564070793263,
    "duration": 1,
    "pid": 27158,
    "index": 32
  },
  {
    "name": "Load extend/context.js",
    "start": 1564070793264,
    "end": 1564070793298,
    "duration": 34,
    "pid": 27158,
    "index": 33
  },
  {
    "name": "Require(27) node_modules/_egg-security@1.13.2@egg-security/app/extend/context.js",
    "start": 1564070793264,
    "end": 1564070793268,
    "duration": 4,
    "pid": 27158,
    "index": 34
  },
  {
    "name": "Require(28) node_modules/_egg-jsonp@1.2.2@egg-jsonp/app/extend/context.js",
    "start": 1564070793268,
    "end": 1564070793268,
    "duration": 0,
    "pid": 27158,
    "index": 35
  },
  {
    "name": "Require(29) node_modules/_egg-i18n@1.2.0@egg-i18n/app/extend/context.js",
    "start": 1564070793269,
    "end": 1564070793269,
    "duration": 0,
    "pid": 27158,
    "index": 36
  },
  {
    "name": "Require(30) node_modules/_egg-multipart@1.5.1@egg-multipart/app/extend/context.js",
    "start": 1564070793269,
    "end": 1564070793295,
    "duration": 26,
    "pid": 27158,
    "index": 37
  },
  {
    "name": "Require(31) node_modules/_egg-view@1.2.0@egg-view/app/extend/context.js",
    "start": 1564070793296,
    "end": 1564070793296,
    "duration": 0,
    "pid": 27158,
    "index": 38
  },
  {
    "name": "Require(32) node_modules/_egg-validate@1.1.1@egg-validate/app/extend/context.js",
    "start": 1564070793296,
    "end": 1564070793297,
    "duration": 1,
    "pid": 27158,
    "index": 39
  },
  {
    "name": "Require(33) node_modules/_egg@1.19.0@egg/app/extend/context.js",
    "start": 1564070793297,
    "end": 1564070793298,
    "duration": 1,
    "pid": 27158,
    "index": 40
  },
  {
    "name": "Load extend/helper.js",
    "start": 1564070793298,
    "end": 1564070793307,
    "duration": 9,
    "pid": 27158,
    "index": 41
  },
  {
    "name": "Require(34) node_modules/_egg-security@1.13.2@egg-security/app/extend/helper.js",
    "start": 1564070793298,
    "end": 1564070793307,
    "duration": 9,
    "pid": 27158,
    "index": 42
  },
  {
    "name": "Require(35) node_modules/_egg@1.19.0@egg/app/extend/helper.js",
    "start": 1564070793307,
    "end": 1564070793307,
    "duration": 0,
    "pid": 27158,
    "index": 43
  },
  {
    "name": "Load app.js",
    "start": 1564070793308,
    "end": 1564070793414,
    "duration": 106,
    "pid": 27158,
    "index": 44
  },
  {
    "name": "Require(36) node_modules/_egg-session@2.2.0@egg-session/app.js",
    "start": 1564070793308,
    "end": 1564070793308,
    "duration": 0,
    "pid": 27158,
    "index": 45
  },
  {
    "name": "Require(37) node_modules/_egg-security@1.13.2@egg-security/app.js",
    "start": 1564070793308,
    "end": 1564070793308,
    "duration": 0,
    "pid": 27158,
    "index": 46
  },
  {
    "name": "Require(38) node_modules/_egg-onerror@1.6.0@egg-onerror/app.js",
    "start": 1564070793311,
    "end": 1564070793315,
    "duration": 4,
    "pid": 27158,
    "index": 47
  },
  {
    "name": "Require(39) node_modules/_egg-i18n@1.2.0@egg-i18n/app.js",
    "start": 1564070793318,
    "end": 1564070793322,
    "duration": 4,
    "pid": 27158,
    "index": 48
  },
  {
    "name": "Require(40) node_modules/_egg-watcher@2.2.0@egg-watcher/app.js",
    "start": 1564070793323,
    "end": 1564070793325,
    "duration": 2,
    "pid": 27158,
    "index": 49
  },
  {
    "name": "Before Start in node_modules/_egg-watcher@2.2.0@egg-watcher/app.js:15:7",
    "start": 1564070793335,
    "end": 1564070793727,
    "duration": 392,
    "pid": 27158,
    "index": 50
  },
  {
    "name": "Require(41) node_modules/_egg-multipart@1.5.1@egg-multipart/app.js",
    "start": 1564070793336,
    "end": 1564070793338,
    "duration": 2,
    "pid": 27158,
    "index": 51
  },
  {
    "name": "Require(42) node_modules/_egg-development@1.4.2@egg-development/app.js",
    "start": 1564070793338,
    "end": 1564070793339,
    "duration": 1,
    "pid": 27158,
    "index": 52
  },
  {
    "name": "Before Start in node_modules/_egg-development@1.4.2@egg-development/app.js:12:7",
    "start": 1564070793339,
    "end": 1564070793723,
    "duration": 384,
    "pid": 27158,
    "index": 53
  },
  {
    "name": "Require(43) node_modules/_egg-schedule@2.6.0@egg-schedule/app.js",
    "start": 1564070793339,
    "end": 1564070793342,
    "duration": 3,
    "pid": 27158,
    "index": 54
  },
  {
    "name": "Require(44) node_modules/_egg-logrotator@2.3.3@egg-logrotator/app.js",
    "start": 1564070793374,
    "end": 1564070793375,
    "duration": 1,
    "pid": 27158,
    "index": 55
  },
  {
    "name": "Require(45) node_modules/_egg-static@1.5.1@egg-static/app.js",
    "start": 1564070793375,
    "end": 1564070793375,
    "duration": 0,
    "pid": 27158,
    "index": 56
  },
  {
    "name": "Require(46) node_modules/_egg-validate@1.1.1@egg-validate/app.js",
    "start": 1564070793375,
    "end": 1564070793376,
    "duration": 1,
    "pid": 27158,
    "index": 57
  },
  {
    "name": "Require(47) node_modules/_egg-mysql@3.0.0@egg-mysql/app.js",
    "start": 1564070793376,
    "end": 1564070793381,
    "duration": 5,
    "pid": 27158,
    "index": 58
  },
  {
    "name": "Before Start in node_modules/_egg-mysql@3.0.0@egg-mysql/lib/mysql.js:20:7",
    "start": 1564070793414,
    "end": 1564070793757,
    "duration": 343,
    "pid": 27158,
    "index": 59
  },
  {
    "name": "Require(48) node_modules/_egg-cors@2.2.0@egg-cors/app.js",
    "start": 1564070793414,
    "end": 1564070793414,
    "duration": 0,
    "pid": 27158,
    "index": 60
  },
  {
    "name": "Load Service",
    "start": 1564070793414,
    "end": 1564070793417,
    "duration": 3,
    "pid": 27158,
    "index": 61
  },
  {
    "name": "Load \"service\" to Context",
    "start": 1564070793415,
    "end": 1564070793417,
    "duration": 2,
    "pid": 27158,
    "index": 62
  },
  {
    "name": "Load Middleware",
    "start": 1564070793417,
    "end": 1564070793450,
    "duration": 33,
    "pid": 27158,
    "index": 63
  },
  {
    "name": "Load \"middlewares\" to Application",
    "start": 1564070793418,
    "end": 1564070793444,
    "duration": 26,
    "pid": 27158,
    "index": 64
  },
  {
    "name": "Load Controller",
    "start": 1564070793450,
    "end": 1564070793700,
    "duration": 250,
    "pid": 27158,
    "index": 65
  },
  {
    "name": "Load \"controller\" to Application",
    "start": 1564070793450,
    "end": 1564070793700,
    "duration": 250,
    "pid": 27158,
    "index": 66
  },
  {
    "name": "Load Router",
    "start": 1564070793700,
    "end": 1564070793703,
    "duration": 3,
    "pid": 27158,
    "index": 67
  },
  {
    "name": "Require(49) app/router.js",
    "start": 1564070793700,
    "end": 1564070793701,
    "duration": 1,
    "pid": 27158,
    "index": 68
  },
  {
    "name": "Before Start in node_modules/_egg-core@3.21.4@egg-core/lib/egg.js:330:10",
    "start": 1564070793701,
    "end": 1564070793715,
    "duration": 14,
    "pid": 27158,
    "index": 69
  }
]