[
  {
    "name": "Application Start",
    "start": 1564070633821,
    "end": 1564070634370,
    "duration": 549,
    "pid": 26945,
    "index": 0
  },
  {
    "name": "Load Plugin",
    "start": 1564070633825,
    "end": 1564070633831,
    "duration": 6,
    "pid": 26945,
    "index": 1
  },
  {
    "name": "Load Config",
    "start": 1564070633831,
    "end": 1564070633840,
    "duration": 9,
    "pid": 26945,
    "index": 2
  },
  {
    "name": "Require(0) config/config.default.js",
    "start": 1564070633832,
    "end": 1564070633832,
    "duration": 0,
    "pid": 26945,
    "index": 3
  },
  {
    "name": "Require(1) node_modules/_egg-session@2.2.0@egg-session/config/config.default.js",
    "start": 1564070633833,
    "end": 1564070633833,
    "duration": 0,
    "pid": 26945,
    "index": 4
  },
  {
    "name": "Require(2) node_modules/_egg-security@1.13.2@egg-security/config/config.default.js",
    "start": 1564070633833,
    "end": 1564070633834,
    "duration": 1,
    "pid": 26945,
    "index": 5
  },
  {
    "name": "Require(3) node_modules/_egg-jsonp@1.2.2@egg-jsonp/config/config.default.js",
    "start": 1564070633834,
    "end": 1564070633834,
    "duration": 0,
    "pid": 26945,
    "index": 6
  },
  {
    "name": "Require(4) node_modules/_egg-onerror@1.6.0@egg-onerror/config/config.default.js",
    "start": 1564070633834,
    "end": 1564070633834,
    "duration": 0,
    "pid": 26945,
    "index": 7
  },
  {
    "name": "Require(5) node_modules/_egg-i18n@1.2.0@egg-i18n/config/config.default.js",
    "start": 1564070633834,
    "end": 1564070633835,
    "duration": 1,
    "pid": 26945,
    "index": 8
  },
  {
    "name": "Require(6) node_modules/_egg-watcher@2.2.0@egg-watcher/config/config.default.js",
    "start": 1564070633835,
    "end": 1564070633835,
    "duration": 0,
    "pid": 26945,
    "index": 9
  },
  {
    "name": "Require(7) node_modules/_egg-multipart@1.5.1@egg-multipart/config/config.default.js",
    "start": 1564070633835,
    "end": 1564070633836,
    "duration": 1,
    "pid": 26945,
    "index": 10
  },
  {
    "name": "Require(8) node_modules/_egg-development@1.4.2@egg-development/config/config.default.js",
    "start": 1564070633836,
    "end": 1564070633836,
    "duration": 0,
    "pid": 26945,
    "index": 11
  },
  {
    "name": "Require(9) node_modules/_egg-logrotator@2.3.3@egg-logrotator/config/config.default.js",
    "start": 1564070633836,
    "end": 1564070633836,
    "duration": 0,
    "pid": 26945,
    "index": 12
  },
  {
    "name": "Require(10) node_modules/_egg-static@1.5.1@egg-static/config/config.default.js",
    "start": 1564070633836,
    "end": 1564070633836,
    "duration": 0,
    "pid": 26945,
    "index": 13
  },
  {
    "name": "Require(11) node_modules/_egg-view@1.2.0@egg-view/config/config.default.js",
    "start": 1564070633836,
    "end": 1564070633837,
    "duration": 1,
    "pid": 26945,
    "index": 14
  },
  {
    "name": "Require(12) node_modules/_egg-mysql@3.0.0@egg-mysql/config/config.default.js",
    "start": 1564070633837,
    "end": 1564070633837,
    "duration": 0,
    "pid": 26945,
    "index": 15
  },
  {
    "name": "Require(13) node_modules/_egg-cors@2.2.0@egg-cors/config/config.default.js",
    "start": 1564070633837,
    "end": 1564070633837,
    "duration": 0,
    "pid": 26945,
    "index": 16
  },
  {
    "name": "Require(14) node_modules/_egg@1.19.0@egg/config/config.default.js",
    "start": 1564070633837,
    "end": 1564070633838,
    "duration": 1,
    "pid": 26945,
    "index": 17
  },
  {
    "name": "Require(15) config/config.default.js",
    "start": 1564070633838,
    "end": 1564070633838,
    "duration": 0,
    "pid": 26945,
    "index": 18
  },
  {
    "name": "Require(16) node_modules/_egg-security@1.13.2@egg-security/config/config.local.js",
    "start": 1564070633839,
    "end": 1564070633839,
    "duration": 0,
    "pid": 26945,
    "index": 19
  },
  {
    "name": "Require(17) node_modules/_egg-watcher@2.2.0@egg-watcher/config/config.local.js",
    "start": 1564070633839,
    "end": 1564070633839,
    "duration": 0,
    "pid": 26945,
    "index": 20
  },
  {
    "name": "Require(18) node_modules/_egg-view@1.2.0@egg-view/config/config.local.js",
    "start": 1564070633839,
    "end": 1564070633839,
    "duration": 0,
    "pid": 26945,
    "index": 21
  },
  {
    "name": "Require(19) node_modules/_egg@1.19.0@egg/config/config.local.js",
    "start": 1564070633839,
    "end": 1564070633839,
    "duration": 0,
    "pid": 26945,
    "index": 22
  },
  {
    "name": "Load extend/application.js",
    "start": 1564070633841,
    "end": 1564070633845,
    "duration": 4,
    "pid": 26945,
    "index": 23
  },
  {
    "name": "Require(20) node_modules/_egg-session@2.2.0@egg-session/app/extend/application.js",
    "start": 1564070633841,
    "end": 1564070633841,
    "duration": 0,
    "pid": 26945,
    "index": 24
  },
  {
    "name": "Require(21) node_modules/_egg-security@1.13.2@egg-security/app/extend/application.js",
    "start": 1564070633841,
    "end": 1564070633842,
    "duration": 1,
    "pid": 26945,
    "index": 25
  },
  {
    "name": "Require(22) node_modules/_egg-jsonp@1.2.2@egg-jsonp/app/extend/application.js",
    "start": 1564070633842,
    "end": 1564070633843,
    "duration": 1,
    "pid": 26945,
    "index": 26
  },
  {
    "name": "Require(23) node_modules/_egg-logrotator@2.3.3@egg-logrotator/app/extend/application.js",
    "start": 1564070633843,
    "end": 1564070633844,
    "duration": 1,
    "pid": 26945,
    "index": 27
  },
  {
    "name": "Require(24) node_modules/_egg-view@1.2.0@egg-view/app/extend/application.js",
    "start": 1564070633844,
    "end": 1564070633844,
    "duration": 0,
    "pid": 26945,
    "index": 28
  },
  {
    "name": "Load extend/request.js",
    "start": 1564070633845,
    "end": 1564070633846,
    "duration": 1,
    "pid": 26945,
    "index": 29
  },
  {
    "name": "Require(25) node_modules/_egg@1.19.0@egg/app/extend/request.js",
    "start": 1564070633845,
    "end": 1564070633846,
    "duration": 1,
    "pid": 26945,
    "index": 30
  },
  {
    "name": "Load extend/response.js",
    "start": 1564070633846,
    "end": 1564070633847,
    "duration": 1,
    "pid": 26945,
    "index": 31
  },
  {
    "name": "Require(26) node_modules/_egg@1.19.0@egg/app/extend/response.js",
    "start": 1564070633846,
    "end": 1564070633847,
    "duration": 1,
    "pid": 26945,
    "index": 32
  },
  {
    "name": "Load extend/context.js",
    "start": 1564070633847,
    "end": 1564070633880,
    "duration": 33,
    "pid": 26945,
    "index": 33
  },
  {
    "name": "Require(27) node_modules/_egg-security@1.13.2@egg-security/app/extend/context.js",
    "start": 1564070633848,
    "end": 1564070633851,
    "duration": 3,
    "pid": 26945,
    "index": 34
  },
  {
    "name": "Require(28) node_modules/_egg-jsonp@1.2.2@egg-jsonp/app/extend/context.js",
    "start": 1564070633851,
    "end": 1564070633851,
    "duration": 0,
    "pid": 26945,
    "index": 35
  },
  {
    "name": "Require(29) node_modules/_egg-i18n@1.2.0@egg-i18n/app/extend/context.js",
    "start": 1564070633852,
    "end": 1564070633852,
    "duration": 0,
    "pid": 26945,
    "index": 36
  },
  {
    "name": "Require(30) node_modules/_egg-multipart@1.5.1@egg-multipart/app/extend/context.js",
    "start": 1564070633852,
    "end": 1564070633878,
    "duration": 26,
    "pid": 26945,
    "index": 37
  },
  {
    "name": "Require(31) node_modules/_egg-view@1.2.0@egg-view/app/extend/context.js",
    "start": 1564070633878,
    "end": 1564070633879,
    "duration": 1,
    "pid": 26945,
    "index": 38
  },
  {
    "name": "Require(32) node_modules/_egg-validate@1.1.1@egg-validate/app/extend/context.js",
    "start": 1564070633879,
    "end": 1564070633879,
    "duration": 0,
    "pid": 26945,
    "index": 39
  },
  {
    "name": "Require(33) node_modules/_egg@1.19.0@egg/app/extend/context.js",
    "start": 1564070633879,
    "end": 1564070633880,
    "duration": 1,
    "pid": 26945,
    "index": 40
  },
  {
    "name": "Load extend/helper.js",
    "start": 1564070633880,
    "end": 1564070633889,
    "duration": 9,
    "pid": 26945,
    "index": 41
  },
  {
    "name": "Require(34) node_modules/_egg-security@1.13.2@egg-security/app/extend/helper.js",
    "start": 1564070633880,
    "end": 1564070633888,
    "duration": 8,
    "pid": 26945,
    "index": 42
  },
  {
    "name": "Require(35) node_modules/_egg@1.19.0@egg/app/extend/helper.js",
    "start": 1564070633888,
    "end": 1564070633889,
    "duration": 1,
    "pid": 26945,
    "index": 43
  },
  {
    "name": "Load app.js",
    "start": 1564070633889,
    "end": 1564070633981,
    "duration": 92,
    "pid": 26945,
    "index": 44
  },
  {
    "name": "Require(36) node_modules/_egg-session@2.2.0@egg-session/app.js",
    "start": 1564070633889,
    "end": 1564070633889,
    "duration": 0,
    "pid": 26945,
    "index": 45
  },
  {
    "name": "Require(37) node_modules/_egg-security@1.13.2@egg-security/app.js",
    "start": 1564070633889,
    "end": 1564070633890,
    "duration": 1,
    "pid": 26945,
    "index": 46
  },
  {
    "name": "Require(38) node_modules/_egg-onerror@1.6.0@egg-onerror/app.js",
    "start": 1564070633892,
    "end": 1564070633897,
    "duration": 5,
    "pid": 26945,
    "index": 47
  },
  {
    "name": "Require(39) node_modules/_egg-i18n@1.2.0@egg-i18n/app.js",
    "start": 1564070633898,
    "end": 1564070633901,
    "duration": 3,
    "pid": 26945,
    "index": 48
  },
  {
    "name": "Require(40) node_modules/_egg-watcher@2.2.0@egg-watcher/app.js",
    "start": 1564070633903,
    "end": 1564070633904,
    "duration": 1,
    "pid": 26945,
    "index": 49
  },
  {
    "name": "Before Start in node_modules/_egg-watcher@2.2.0@egg-watcher/app.js:15:7",
    "start": 1564070633912,
    "end": 1564070634310,
    "duration": 398,
    "pid": 26945,
    "index": 50
  },
  {
    "name": "Require(41) node_modules/_egg-multipart@1.5.1@egg-multipart/app.js",
    "start": 1564070633913,
    "end": 1564070633918,
    "duration": 5,
    "pid": 26945,
    "index": 51
  },
  {
    "name": "Require(42) node_modules/_egg-development@1.4.2@egg-development/app.js",
    "start": 1564070633919,
    "end": 1564070633919,
    "duration": 0,
    "pid": 26945,
    "index": 52
  },
  {
    "name": "Before Start in node_modules/_egg-development@1.4.2@egg-development/app.js:12:7",
    "start": 1564070633919,
    "end": 1564070634308,
    "duration": 389,
    "pid": 26945,
    "index": 53
  },
  {
    "name": "Require(43) node_modules/_egg-schedule@2.6.0@egg-schedule/app.js",
    "start": 1564070633919,
    "end": 1564070633920,
    "duration": 1,
    "pid": 26945,
    "index": 54
  },
  {
    "name": "Require(44) node_modules/_egg-logrotator@2.3.3@egg-logrotator/app.js",
    "start": 1564070633945,
    "end": 1564070633945,
    "duration": 0,
    "pid": 26945,
    "index": 55
  },
  {
    "name": "Require(45) node_modules/_egg-static@1.5.1@egg-static/app.js",
    "start": 1564070633945,
    "end": 1564070633945,
    "duration": 0,
    "pid": 26945,
    "index": 56
  },
  {
    "name": "Require(46) node_modules/_egg-validate@1.1.1@egg-validate/app.js",
    "start": 1564070633946,
    "end": 1564070633946,
    "duration": 0,
    "pid": 26945,
    "index": 57
  },
  {
    "name": "Require(47) node_modules/_egg-mysql@3.0.0@egg-mysql/app.js",
    "start": 1564070633947,
    "end": 1564070633951,
    "duration": 4,
    "pid": 26945,
    "index": 58
  },
  {
    "name": "Before Start in node_modules/_egg-mysql@3.0.0@egg-mysql/lib/mysql.js:20:7",
    "start": 1564070633981,
    "end": 1564070634369,
    "duration": 388,
    "pid": 26945,
    "index": 59
  },
  {
    "name": "Require(48) node_modules/_egg-cors@2.2.0@egg-cors/app.js",
    "start": 1564070633981,
    "end": 1564070633981,
    "duration": 0,
    "pid": 26945,
    "index": 60
  },
  {
    "name": "Load Service",
    "start": 1564070633981,
    "end": 1564070633984,
    "duration": 3,
    "pid": 26945,
    "index": 61
  },
  {
    "name": "Load \"service\" to Context",
    "start": 1564070633981,
    "end": 1564070633984,
    "duration": 3,
    "pid": 26945,
    "index": 62
  },
  {
    "name": "Load Middleware",
    "start": 1564070633984,
    "end": 1564070634017,
    "duration": 33,
    "pid": 26945,
    "index": 63
  },
  {
    "name": "Load \"middlewares\" to Application",
    "start": 1564070633984,
    "end": 1564070634011,
    "duration": 27,
    "pid": 26945,
    "index": 64
  },
  {
    "name": "Load Controller",
    "start": 1564070634017,
    "end": 1564070634291,
    "duration": 274,
    "pid": 26945,
    "index": 65
  },
  {
    "name": "Load \"controller\" to Application",
    "start": 1564070634017,
    "end": 1564070634291,
    "duration": 274,
    "pid": 26945,
    "index": 66
  },
  {
    "name": "Load Router",
    "start": 1564070634291,
    "end": 1564070634293,
    "duration": 2,
    "pid": 26945,
    "index": 67
  },
  {
    "name": "Require(49) app/router.js",
    "start": 1564070634291,
    "end": 1564070634291,
    "duration": 0,
    "pid": 26945,
    "index": 68
  },
  {
    "name": "Before Start in node_modules/_egg-core@3.21.4@egg-core/lib/egg.js:330:10",
    "start": 1564070634291,
    "end": 1564070634302,
    "duration": 11,
    "pid": 26945,
    "index": 69
  }
]