[
  {
    "name": "Application Start",
    "start": 1564070807294,
    "end": 1564070807773,
    "duration": 479,
    "pid": 27166,
    "index": 0
  },
  {
    "name": "Load Plugin",
    "start": 1564070807298,
    "end": 1564070807305,
    "duration": 7,
    "pid": 27166,
    "index": 1
  },
  {
    "name": "Load Config",
    "start": 1564070807305,
    "end": 1564070807314,
    "duration": 9,
    "pid": 27166,
    "index": 2
  },
  {
    "name": "Require(0) config/config.default.js",
    "start": 1564070807305,
    "end": 1564070807306,
    "duration": 1,
    "pid": 27166,
    "index": 3
  },
  {
    "name": "Require(1) node_modules/_egg-session@2.2.0@egg-session/config/config.default.js",
    "start": 1564070807307,
    "end": 1564070807307,
    "duration": 0,
    "pid": 27166,
    "index": 4
  },
  {
    "name": "Require(2) node_modules/_egg-security@1.13.2@egg-security/config/config.default.js",
    "start": 1564070807307,
    "end": 1564070807307,
    "duration": 0,
    "pid": 27166,
    "index": 5
  },
  {
    "name": "Require(3) node_modules/_egg-jsonp@1.2.2@egg-jsonp/config/config.default.js",
    "start": 1564070807308,
    "end": 1564070807308,
    "duration": 0,
    "pid": 27166,
    "index": 6
  },
  {
    "name": "Require(4) node_modules/_egg-onerror@1.6.0@egg-onerror/config/config.default.js",
    "start": 1564070807308,
    "end": 1564070807308,
    "duration": 0,
    "pid": 27166,
    "index": 7
  },
  {
    "name": "Require(5) node_modules/_egg-i18n@1.2.0@egg-i18n/config/config.default.js",
    "start": 1564070807308,
    "end": 1564070807308,
    "duration": 0,
    "pid": 27166,
    "index": 8
  },
  {
    "name": "Require(6) node_modules/_egg-watcher@2.2.0@egg-watcher/config/config.default.js",
    "start": 1564070807309,
    "end": 1564070807309,
    "duration": 0,
    "pid": 27166,
    "index": 9
  },
  {
    "name": "Require(7) node_modules/_egg-multipart@1.5.1@egg-multipart/config/config.default.js",
    "start": 1564070807309,
    "end": 1564070807309,
    "duration": 0,
    "pid": 27166,
    "index": 10
  },
  {
    "name": "Require(8) node_modules/_egg-development@1.4.2@egg-development/config/config.default.js",
    "start": 1564070807309,
    "end": 1564070807309,
    "duration": 0,
    "pid": 27166,
    "index": 11
  },
  {
    "name": "Require(9) node_modules/_egg-logrotator@2.3.3@egg-logrotator/config/config.default.js",
    "start": 1564070807309,
    "end": 1564070807310,
    "duration": 1,
    "pid": 27166,
    "index": 12
  },
  {
    "name": "Require(10) node_modules/_egg-static@1.5.1@egg-static/config/config.default.js",
    "start": 1564070807310,
    "end": 1564070807310,
    "duration": 0,
    "pid": 27166,
    "index": 13
  },
  {
    "name": "Require(11) node_modules/_egg-view@1.2.0@egg-view/config/config.default.js",
    "start": 1564070807310,
    "end": 1564070807311,
    "duration": 1,
    "pid": 27166,
    "index": 14
  },
  {
    "name": "Require(12) node_modules/_egg-mysql@3.0.0@egg-mysql/config/config.default.js",
    "start": 1564070807311,
    "end": 1564070807311,
    "duration": 0,
    "pid": 27166,
    "index": 15
  },
  {
    "name": "Require(13) node_modules/_egg-cors@2.2.0@egg-cors/config/config.default.js",
    "start": 1564070807311,
    "end": 1564070807311,
    "duration": 0,
    "pid": 27166,
    "index": 16
  },
  {
    "name": "Require(14) node_modules/_egg@1.19.0@egg/config/config.default.js",
    "start": 1564070807312,
    "end": 1564070807312,
    "duration": 0,
    "pid": 27166,
    "index": 17
  },
  {
    "name": "Require(15) config/config.default.js",
    "start": 1564070807313,
    "end": 1564070807313,
    "duration": 0,
    "pid": 27166,
    "index": 18
  },
  {
    "name": "Require(16) node_modules/_egg-security@1.13.2@egg-security/config/config.local.js",
    "start": 1564070807313,
    "end": 1564070807313,
    "duration": 0,
    "pid": 27166,
    "index": 19
  },
  {
    "name": "Require(17) node_modules/_egg-watcher@2.2.0@egg-watcher/config/config.local.js",
    "start": 1564070807313,
    "end": 1564070807313,
    "duration": 0,
    "pid": 27166,
    "index": 20
  },
  {
    "name": "Require(18) node_modules/_egg-view@1.2.0@egg-view/config/config.local.js",
    "start": 1564070807313,
    "end": 1564070807314,
    "duration": 1,
    "pid": 27166,
    "index": 21
  },
  {
    "name": "Require(19) node_modules/_egg@1.19.0@egg/config/config.local.js",
    "start": 1564070807314,
    "end": 1564070807314,
    "duration": 0,
    "pid": 27166,
    "index": 22
  },
  {
    "name": "Load extend/application.js",
    "start": 1564070807315,
    "end": 1564070807319,
    "duration": 4,
    "pid": 27166,
    "index": 23
  },
  {
    "name": "Require(20) node_modules/_egg-session@2.2.0@egg-session/app/extend/application.js",
    "start": 1564070807316,
    "end": 1564070807316,
    "duration": 0,
    "pid": 27166,
    "index": 24
  },
  {
    "name": "Require(21) node_modules/_egg-security@1.13.2@egg-security/app/extend/application.js",
    "start": 1564070807316,
    "end": 1564070807317,
    "duration": 1,
    "pid": 27166,
    "index": 25
  },
  {
    "name": "Require(22) node_modules/_egg-jsonp@1.2.2@egg-jsonp/app/extend/application.js",
    "start": 1564070807317,
    "end": 1564070807317,
    "duration": 0,
    "pid": 27166,
    "index": 26
  },
  {
    "name": "Require(23) node_modules/_egg-logrotator@2.3.3@egg-logrotator/app/extend/application.js",
    "start": 1564070807318,
    "end": 1564070807318,
    "duration": 0,
    "pid": 27166,
    "index": 27
  },
  {
    "name": "Require(24) node_modules/_egg-view@1.2.0@egg-view/app/extend/application.js",
    "start": 1564070807318,
    "end": 1564070807319,
    "duration": 1,
    "pid": 27166,
    "index": 28
  },
  {
    "name": "Load extend/request.js",
    "start": 1564070807319,
    "end": 1564070807321,
    "duration": 2,
    "pid": 27166,
    "index": 29
  },
  {
    "name": "Require(25) node_modules/_egg@1.19.0@egg/app/extend/request.js",
    "start": 1564070807320,
    "end": 1564070807320,
    "duration": 0,
    "pid": 27166,
    "index": 30
  },
  {
    "name": "Load extend/response.js",
    "start": 1564070807321,
    "end": 1564070807322,
    "duration": 1,
    "pid": 27166,
    "index": 31
  },
  {
    "name": "Require(26) node_modules/_egg@1.19.0@egg/app/extend/response.js",
    "start": 1564070807321,
    "end": 1564070807322,
    "duration": 1,
    "pid": 27166,
    "index": 32
  },
  {
    "name": "Load extend/context.js",
    "start": 1564070807322,
    "end": 1564070807361,
    "duration": 39,
    "pid": 27166,
    "index": 33
  },
  {
    "name": "Require(27) node_modules/_egg-security@1.13.2@egg-security/app/extend/context.js",
    "start": 1564070807322,
    "end": 1564070807326,
    "duration": 4,
    "pid": 27166,
    "index": 34
  },
  {
    "name": "Require(28) node_modules/_egg-jsonp@1.2.2@egg-jsonp/app/extend/context.js",
    "start": 1564070807327,
    "end": 1564070807328,
    "duration": 1,
    "pid": 27166,
    "index": 35
  },
  {
    "name": "Require(29) node_modules/_egg-i18n@1.2.0@egg-i18n/app/extend/context.js",
    "start": 1564070807328,
    "end": 1564070807328,
    "duration": 0,
    "pid": 27166,
    "index": 36
  },
  {
    "name": "Require(30) node_modules/_egg-multipart@1.5.1@egg-multipart/app/extend/context.js",
    "start": 1564070807328,
    "end": 1564070807359,
    "duration": 31,
    "pid": 27166,
    "index": 37
  },
  {
    "name": "Require(31) node_modules/_egg-view@1.2.0@egg-view/app/extend/context.js",
    "start": 1564070807359,
    "end": 1564070807360,
    "duration": 1,
    "pid": 27166,
    "index": 38
  },
  {
    "name": "Require(32) node_modules/_egg-validate@1.1.1@egg-validate/app/extend/context.js",
    "start": 1564070807360,
    "end": 1564070807360,
    "duration": 0,
    "pid": 27166,
    "index": 39
  },
  {
    "name": "Require(33) node_modules/_egg@1.19.0@egg/app/extend/context.js",
    "start": 1564070807360,
    "end": 1564070807361,
    "duration": 1,
    "pid": 27166,
    "index": 40
  },
  {
    "name": "Load extend/helper.js",
    "start": 1564070807361,
    "end": 1564070807369,
    "duration": 8,
    "pid": 27166,
    "index": 41
  },
  {
    "name": "Require(34) node_modules/_egg-security@1.13.2@egg-security/app/extend/helper.js",
    "start": 1564070807362,
    "end": 1564070807368,
    "duration": 6,
    "pid": 27166,
    "index": 42
  },
  {
    "name": "Require(35) node_modules/_egg@1.19.0@egg/app/extend/helper.js",
    "start": 1564070807369,
    "end": 1564070807369,
    "duration": 0,
    "pid": 27166,
    "index": 43
  },
  {
    "name": "Load app.js",
    "start": 1564070807369,
    "end": 1564070807459,
    "duration": 90,
    "pid": 27166,
    "index": 44
  },
  {
    "name": "Require(36) node_modules/_egg-session@2.2.0@egg-session/app.js",
    "start": 1564070807369,
    "end": 1564070807370,
    "duration": 1,
    "pid": 27166,
    "index": 45
  },
  {
    "name": "Require(37) node_modules/_egg-security@1.13.2@egg-security/app.js",
    "start": 1564070807370,
    "end": 1564070807370,
    "duration": 0,
    "pid": 27166,
    "index": 46
  },
  {
    "name": "Require(38) node_modules/_egg-onerror@1.6.0@egg-onerror/app.js",
    "start": 1564070807372,
    "end": 1564070807376,
    "duration": 4,
    "pid": 27166,
    "index": 47
  },
  {
    "name": "Require(39) node_modules/_egg-i18n@1.2.0@egg-i18n/app.js",
    "start": 1564070807376,
    "end": 1564070807380,
    "duration": 4,
    "pid": 27166,
    "index": 48
  },
  {
    "name": "Require(40) node_modules/_egg-watcher@2.2.0@egg-watcher/app.js",
    "start": 1564070807382,
    "end": 1564070807384,
    "duration": 2,
    "pid": 27166,
    "index": 49
  },
  {
    "name": "Before Start in node_modules/_egg-watcher@2.2.0@egg-watcher/app.js:15:7",
    "start": 1564070807392,
    "end": 1564070807745,
    "duration": 353,
    "pid": 27166,
    "index": 50
  },
  {
    "name": "Require(41) node_modules/_egg-multipart@1.5.1@egg-multipart/app.js",
    "start": 1564070807393,
    "end": 1564070807395,
    "duration": 2,
    "pid": 27166,
    "index": 51
  },
  {
    "name": "Require(42) node_modules/_egg-development@1.4.2@egg-development/app.js",
    "start": 1564070807395,
    "end": 1564070807399,
    "duration": 4,
    "pid": 27166,
    "index": 52
  },
  {
    "name": "Before Start in node_modules/_egg-development@1.4.2@egg-development/app.js:12:7",
    "start": 1564070807399,
    "end": 1564070807743,
    "duration": 344,
    "pid": 27166,
    "index": 53
  },
  {
    "name": "Require(43) node_modules/_egg-schedule@2.6.0@egg-schedule/app.js",
    "start": 1564070807400,
    "end": 1564070807400,
    "duration": 0,
    "pid": 27166,
    "index": 54
  },
  {
    "name": "Require(44) node_modules/_egg-logrotator@2.3.3@egg-logrotator/app.js",
    "start": 1564070807425,
    "end": 1564070807425,
    "duration": 0,
    "pid": 27166,
    "index": 55
  },
  {
    "name": "Require(45) node_modules/_egg-static@1.5.1@egg-static/app.js",
    "start": 1564070807425,
    "end": 1564070807425,
    "duration": 0,
    "pid": 27166,
    "index": 56
  },
  {
    "name": "Require(46) node_modules/_egg-validate@1.1.1@egg-validate/app.js",
    "start": 1564070807425,
    "end": 1564070807426,
    "duration": 1,
    "pid": 27166,
    "index": 57
  },
  {
    "name": "Require(47) node_modules/_egg-mysql@3.0.0@egg-mysql/app.js",
    "start": 1564070807426,
    "end": 1564070807431,
    "duration": 5,
    "pid": 27166,
    "index": 58
  },
  {
    "name": "Before Start in node_modules/_egg-mysql@3.0.0@egg-mysql/lib/mysql.js:20:7",
    "start": 1564070807459,
    "end": 1564070807773,
    "duration": 314,
    "pid": 27166,
    "index": 59
  },
  {
    "name": "Require(48) node_modules/_egg-cors@2.2.0@egg-cors/app.js",
    "start": 1564070807459,
    "end": 1564070807459,
    "duration": 0,
    "pid": 27166,
    "index": 60
  },
  {
    "name": "Load Service",
    "start": 1564070807459,
    "end": 1564070807463,
    "duration": 4,
    "pid": 27166,
    "index": 61
  },
  {
    "name": "Load \"service\" to Context",
    "start": 1564070807459,
    "end": 1564070807462,
    "duration": 3,
    "pid": 27166,
    "index": 62
  },
  {
    "name": "Load Middleware",
    "start": 1564070807463,
    "end": 1564070807496,
    "duration": 33,
    "pid": 27166,
    "index": 63
  },
  {
    "name": "Load \"middlewares\" to Application",
    "start": 1564070807463,
    "end": 1564070807490,
    "duration": 27,
    "pid": 27166,
    "index": 64
  },
  {
    "name": "Load Controller",
    "start": 1564070807496,
    "end": 1564070807725,
    "duration": 229,
    "pid": 27166,
    "index": 65
  },
  {
    "name": "Load \"controller\" to Application",
    "start": 1564070807496,
    "end": 1564070807725,
    "duration": 229,
    "pid": 27166,
    "index": 66
  },
  {
    "name": "Load Router",
    "start": 1564070807725,
    "end": 1564070807727,
    "duration": 2,
    "pid": 27166,
    "index": 67
  },
  {
    "name": "Require(49) app/router.js",
    "start": 1564070807725,
    "end": 1564070807725,
    "duration": 0,
    "pid": 27166,
    "index": 68
  },
  {
    "name": "Before Start in node_modules/_egg-core@3.21.4@egg-core/lib/egg.js:330:10",
    "start": 1564070807726,
    "end": 1564070807737,
    "duration": 11,
    "pid": 27166,
    "index": 69
  }
]