[
  {
    "name": "Application Start",
    "start": 1564070620007,
    "end": 1564070620631,
    "duration": 624,
    "pid": 26923,
    "index": 0
  },
  {
    "name": "Load Plugin",
    "start": 1564070620011,
    "end": 1564070620016,
    "duration": 5,
    "pid": 26923,
    "index": 1
  },
  {
    "name": "Load Config",
    "start": 1564070620016,
    "end": 1564070620024,
    "duration": 8,
    "pid": 26923,
    "index": 2
  },
  {
    "name": "Require(0) config/config.default.js",
    "start": 1564070620017,
    "end": 1564070620017,
    "duration": 0,
    "pid": 26923,
    "index": 3
  },
  {
    "name": "Require(1) node_modules/_egg-session@2.2.0@egg-session/config/config.default.js",
    "start": 1564070620018,
    "end": 1564070620018,
    "duration": 0,
    "pid": 26923,
    "index": 4
  },
  {
    "name": "Require(2) node_modules/_egg-security@1.13.2@egg-security/config/config.default.js",
    "start": 1564070620018,
    "end": 1564070620018,
    "duration": 0,
    "pid": 26923,
    "index": 5
  },
  {
    "name": "Require(3) node_modules/_egg-jsonp@1.2.2@egg-jsonp/config/config.default.js",
    "start": 1564070620018,
    "end": 1564070620019,
    "duration": 1,
    "pid": 26923,
    "index": 6
  },
  {
    "name": "Require(4) node_modules/_egg-onerror@1.6.0@egg-onerror/config/config.default.js",
    "start": 1564070620019,
    "end": 1564070620019,
    "duration": 0,
    "pid": 26923,
    "index": 7
  },
  {
    "name": "Require(5) node_modules/_egg-i18n@1.2.0@egg-i18n/config/config.default.js",
    "start": 1564070620019,
    "end": 1564070620019,
    "duration": 0,
    "pid": 26923,
    "index": 8
  },
  {
    "name": "Require(6) node_modules/_egg-watcher@2.2.0@egg-watcher/config/config.default.js",
    "start": 1564070620019,
    "end": 1564070620020,
    "duration": 1,
    "pid": 26923,
    "index": 9
  },
  {
    "name": "Require(7) node_modules/_egg-multipart@1.5.1@egg-multipart/config/config.default.js",
    "start": 1564070620020,
    "end": 1564070620020,
    "duration": 0,
    "pid": 26923,
    "index": 10
  },
  {
    "name": "Require(8) node_modules/_egg-development@1.4.2@egg-development/config/config.default.js",
    "start": 1564070620020,
    "end": 1564070620020,
    "duration": 0,
    "pid": 26923,
    "index": 11
  },
  {
    "name": "Require(9) node_modules/_egg-logrotator@2.3.3@egg-logrotator/config/config.default.js",
    "start": 1564070620020,
    "end": 1564070620020,
    "duration": 0,
    "pid": 26923,
    "index": 12
  },
  {
    "name": "Require(10) node_modules/_egg-static@1.5.1@egg-static/config/config.default.js",
    "start": 1564070620020,
    "end": 1564070620021,
    "duration": 1,
    "pid": 26923,
    "index": 13
  },
  {
    "name": "Require(11) node_modules/_egg-view@1.2.0@egg-view/config/config.default.js",
    "start": 1564070620021,
    "end": 1564070620021,
    "duration": 0,
    "pid": 26923,
    "index": 14
  },
  {
    "name": "Require(12) node_modules/_egg-mysql@3.0.0@egg-mysql/config/config.default.js",
    "start": 1564070620021,
    "end": 1564070620021,
    "duration": 0,
    "pid": 26923,
    "index": 15
  },
  {
    "name": "Require(13) node_modules/_egg-cors@2.2.0@egg-cors/config/config.default.js",
    "start": 1564070620021,
    "end": 1564070620022,
    "duration": 1,
    "pid": 26923,
    "index": 16
  },
  {
    "name": "Require(14) node_modules/_egg@1.19.0@egg/config/config.default.js",
    "start": 1564070620022,
    "end": 1564070620022,
    "duration": 0,
    "pid": 26923,
    "index": 17
  },
  {
    "name": "Require(15) config/config.default.js",
    "start": 1564070620023,
    "end": 1564070620023,
    "duration": 0,
    "pid": 26923,
    "index": 18
  },
  {
    "name": "Require(16) node_modules/_egg-security@1.13.2@egg-security/config/config.local.js",
    "start": 1564070620023,
    "end": 1564070620023,
    "duration": 0,
    "pid": 26923,
    "index": 19
  },
  {
    "name": "Require(17) node_modules/_egg-watcher@2.2.0@egg-watcher/config/config.local.js",
    "start": 1564070620023,
    "end": 1564070620023,
    "duration": 0,
    "pid": 26923,
    "index": 20
  },
  {
    "name": "Require(18) node_modules/_egg-view@1.2.0@egg-view/config/config.local.js",
    "start": 1564070620023,
    "end": 1564070620024,
    "duration": 1,
    "pid": 26923,
    "index": 21
  },
  {
    "name": "Require(19) node_modules/_egg@1.19.0@egg/config/config.local.js",
    "start": 1564070620024,
    "end": 1564070620024,
    "duration": 0,
    "pid": 26923,
    "index": 22
  },
  {
    "name": "Load extend/application.js",
    "start": 1564070620026,
    "end": 1564070620030,
    "duration": 4,
    "pid": 26923,
    "index": 23
  },
  {
    "name": "Require(20) node_modules/_egg-session@2.2.0@egg-session/app/extend/application.js",
    "start": 1564070620026,
    "end": 1564070620027,
    "duration": 1,
    "pid": 26923,
    "index": 24
  },
  {
    "name": "Require(21) node_modules/_egg-security@1.13.2@egg-security/app/extend/application.js",
    "start": 1564070620027,
    "end": 1564070620027,
    "duration": 0,
    "pid": 26923,
    "index": 25
  },
  {
    "name": "Require(22) node_modules/_egg-jsonp@1.2.2@egg-jsonp/app/extend/application.js",
    "start": 1564070620028,
    "end": 1564070620028,
    "duration": 0,
    "pid": 26923,
    "index": 26
  },
  {
    "name": "Require(23) node_modules/_egg-logrotator@2.3.3@egg-logrotator/app/extend/application.js",
    "start": 1564070620028,
    "end": 1564070620029,
    "duration": 1,
    "pid": 26923,
    "index": 27
  },
  {
    "name": "Require(24) node_modules/_egg-view@1.2.0@egg-view/app/extend/application.js",
    "start": 1564070620029,
    "end": 1564070620030,
    "duration": 1,
    "pid": 26923,
    "index": 28
  },
  {
    "name": "Load extend/request.js",
    "start": 1564070620030,
    "end": 1564070620032,
    "duration": 2,
    "pid": 26923,
    "index": 29
  },
  {
    "name": "Require(25) node_modules/_egg@1.19.0@egg/app/extend/request.js",
    "start": 1564070620031,
    "end": 1564070620031,
    "duration": 0,
    "pid": 26923,
    "index": 30
  },
  {
    "name": "Load extend/response.js",
    "start": 1564070620032,
    "end": 1564070620033,
    "duration": 1,
    "pid": 26923,
    "index": 31
  },
  {
    "name": "Require(26) node_modules/_egg@1.19.0@egg/app/extend/response.js",
    "start": 1564070620032,
    "end": 1564070620033,
    "duration": 1,
    "pid": 26923,
    "index": 32
  },
  {
    "name": "Load extend/context.js",
    "start": 1564070620033,
    "end": 1564070620071,
    "duration": 38,
    "pid": 26923,
    "index": 33
  },
  {
    "name": "Require(27) node_modules/_egg-security@1.13.2@egg-security/app/extend/context.js",
    "start": 1564070620033,
    "end": 1564070620036,
    "duration": 3,
    "pid": 26923,
    "index": 34
  },
  {
    "name": "Require(28) node_modules/_egg-jsonp@1.2.2@egg-jsonp/app/extend/context.js",
    "start": 1564070620037,
    "end": 1564070620037,
    "duration": 0,
    "pid": 26923,
    "index": 35
  },
  {
    "name": "Require(29) node_modules/_egg-i18n@1.2.0@egg-i18n/app/extend/context.js",
    "start": 1564070620037,
    "end": 1564070620037,
    "duration": 0,
    "pid": 26923,
    "index": 36
  },
  {
    "name": "Require(30) node_modules/_egg-multipart@1.5.1@egg-multipart/app/extend/context.js",
    "start": 1564070620037,
    "end": 1564070620067,
    "duration": 30,
    "pid": 26923,
    "index": 37
  },
  {
    "name": "Require(31) node_modules/_egg-view@1.2.0@egg-view/app/extend/context.js",
    "start": 1564070620067,
    "end": 1564070620069,
    "duration": 2,
    "pid": 26923,
    "index": 38
  },
  {
    "name": "Require(32) node_modules/_egg-validate@1.1.1@egg-validate/app/extend/context.js",
    "start": 1564070620069,
    "end": 1564070620069,
    "duration": 0,
    "pid": 26923,
    "index": 39
  },
  {
    "name": "Require(33) node_modules/_egg@1.19.0@egg/app/extend/context.js",
    "start": 1564070620069,
    "end": 1564070620070,
    "duration": 1,
    "pid": 26923,
    "index": 40
  },
  {
    "name": "Load extend/helper.js",
    "start": 1564070620071,
    "end": 1564070620081,
    "duration": 10,
    "pid": 26923,
    "index": 41
  },
  {
    "name": "Require(34) node_modules/_egg-security@1.13.2@egg-security/app/extend/helper.js",
    "start": 1564070620071,
    "end": 1564070620080,
    "duration": 9,
    "pid": 26923,
    "index": 42
  },
  {
    "name": "Require(35) node_modules/_egg@1.19.0@egg/app/extend/helper.js",
    "start": 1564070620080,
    "end": 1564070620081,
    "duration": 1,
    "pid": 26923,
    "index": 43
  },
  {
    "name": "Load app.js",
    "start": 1564070620081,
    "end": 1564070620170,
    "duration": 89,
    "pid": 26923,
    "index": 44
  },
  {
    "name": "Require(36) node_modules/_egg-session@2.2.0@egg-session/app.js",
    "start": 1564070620081,
    "end": 1564070620081,
    "duration": 0,
    "pid": 26923,
    "index": 45
  },
  {
    "name": "Require(37) node_modules/_egg-security@1.13.2@egg-security/app.js",
    "start": 1564070620082,
    "end": 1564070620082,
    "duration": 0,
    "pid": 26923,
    "index": 46
  },
  {
    "name": "Require(38) node_modules/_egg-onerror@1.6.0@egg-onerror/app.js",
    "start": 1564070620084,
    "end": 1564070620088,
    "duration": 4,
    "pid": 26923,
    "index": 47
  },
  {
    "name": "Require(39) node_modules/_egg-i18n@1.2.0@egg-i18n/app.js",
    "start": 1564070620088,
    "end": 1564070620091,
    "duration": 3,
    "pid": 26923,
    "index": 48
  },
  {
    "name": "Require(40) node_modules/_egg-watcher@2.2.0@egg-watcher/app.js",
    "start": 1564070620093,
    "end": 1564070620095,
    "duration": 2,
    "pid": 26923,
    "index": 49
  },
  {
    "name": "Before Start in node_modules/_egg-watcher@2.2.0@egg-watcher/app.js:15:7",
    "start": 1564070620103,
    "end": 1564070620598,
    "duration": 495,
    "pid": 26923,
    "index": 50
  },
  {
    "name": "Require(41) node_modules/_egg-multipart@1.5.1@egg-multipart/app.js",
    "start": 1564070620104,
    "end": 1564070620107,
    "duration": 3,
    "pid": 26923,
    "index": 51
  },
  {
    "name": "Require(42) node_modules/_egg-development@1.4.2@egg-development/app.js",
    "start": 1564070620108,
    "end": 1564070620109,
    "duration": 1,
    "pid": 26923,
    "index": 52
  },
  {
    "name": "Before Start in node_modules/_egg-development@1.4.2@egg-development/app.js:12:7",
    "start": 1564070620109,
    "end": 1564070620596,
    "duration": 487,
    "pid": 26923,
    "index": 53
  },
  {
    "name": "Require(43) node_modules/_egg-schedule@2.6.0@egg-schedule/app.js",
    "start": 1564070620109,
    "end": 1564070620110,
    "duration": 1,
    "pid": 26923,
    "index": 54
  },
  {
    "name": "Require(44) node_modules/_egg-logrotator@2.3.3@egg-logrotator/app.js",
    "start": 1564070620136,
    "end": 1564070620136,
    "duration": 0,
    "pid": 26923,
    "index": 55
  },
  {
    "name": "Require(45) node_modules/_egg-static@1.5.1@egg-static/app.js",
    "start": 1564070620136,
    "end": 1564070620136,
    "duration": 0,
    "pid": 26923,
    "index": 56
  },
  {
    "name": "Require(46) node_modules/_egg-validate@1.1.1@egg-validate/app.js",
    "start": 1564070620136,
    "end": 1564070620137,
    "duration": 1,
    "pid": 26923,
    "index": 57
  },
  {
    "name": "Require(47) node_modules/_egg-mysql@3.0.0@egg-mysql/app.js",
    "start": 1564070620137,
    "end": 1564070620142,
    "duration": 5,
    "pid": 26923,
    "index": 58
  },
  {
    "name": "Before Start in node_modules/_egg-mysql@3.0.0@egg-mysql/lib/mysql.js:20:7",
    "start": 1564070620169,
    "end": 1564070620630,
    "duration": 461,
    "pid": 26923,
    "index": 59
  },
  {
    "name": "Require(48) node_modules/_egg-cors@2.2.0@egg-cors/app.js",
    "start": 1564070620170,
    "end": 1564070620170,
    "duration": 0,
    "pid": 26923,
    "index": 60
  },
  {
    "name": "Load Service",
    "start": 1564070620170,
    "end": 1564070620173,
    "duration": 3,
    "pid": 26923,
    "index": 61
  },
  {
    "name": "Load \"service\" to Context",
    "start": 1564070620170,
    "end": 1564070620173,
    "duration": 3,
    "pid": 26923,
    "index": 62
  },
  {
    "name": "Load Middleware",
    "start": 1564070620173,
    "end": 1564070620204,
    "duration": 31,
    "pid": 26923,
    "index": 63
  },
  {
    "name": "Load \"middlewares\" to Application",
    "start": 1564070620173,
    "end": 1564070620199,
    "duration": 26,
    "pid": 26923,
    "index": 64
  },
  {
    "name": "Load Controller",
    "start": 1564070620204,
    "end": 1564070620578,
    "duration": 374,
    "pid": 26923,
    "index": 65
  },
  {
    "name": "Load \"controller\" to Application",
    "start": 1564070620204,
    "end": 1564070620578,
    "duration": 374,
    "pid": 26923,
    "index": 66
  },
  {
    "name": "Load Router",
    "start": 1564070620578,
    "end": 1564070620580,
    "duration": 2,
    "pid": 26923,
    "index": 67
  },
  {
    "name": "Require(49) app/router.js",
    "start": 1564070620578,
    "end": 1564070620579,
    "duration": 1,
    "pid": 26923,
    "index": 68
  },
  {
    "name": "Before Start in node_modules/_egg-core@3.21.4@egg-core/lib/egg.js:330:10",
    "start": 1564070620579,
    "end": 1564070620588,
    "duration": 9,
    "pid": 26923,
    "index": 69
  }
]