[
  {
    "name": "Application Start",
    "start": 1564106800211,
    "end": 1564106801662,
    "duration": 1451,
    "pid": 27998,
    "index": 0
  },
  {
    "name": "Load Plugin",
    "start": 1564106800216,
    "end": 1564106800237,
    "duration": 21,
    "pid": 27998,
    "index": 1
  },
  {
    "name": "Load Config",
    "start": 1564106800237,
    "end": 1564106800262,
    "duration": 25,
    "pid": 27998,
    "index": 2
  },
  {
    "name": "Require(0) config/config.default.js",
    "start": 1564106800240,
    "end": 1564106800240,
    "duration": 0,
    "pid": 27998,
    "index": 3
  },
  {
    "name": "Require(1) node_modules/_egg-session@2.2.0@egg-session/config/config.default.js",
    "start": 1564106800251,
    "end": 1564106800251,
    "duration": 0,
    "pid": 27998,
    "index": 4
  },
  {
    "name": "Require(2) node_modules/_egg-security@1.13.2@egg-security/config/config.default.js",
    "start": 1564106800251,
    "end": 1564106800253,
    "duration": 2,
    "pid": 27998,
    "index": 5
  },
  {
    "name": "Require(3) node_modules/_egg-jsonp@1.2.2@egg-jsonp/config/config.default.js",
    "start": 1564106800254,
    "end": 1564106800254,
    "duration": 0,
    "pid": 27998,
    "index": 6
  },
  {
    "name": "Require(4) node_modules/_egg-onerror@1.6.0@egg-onerror/config/config.default.js",
    "start": 1564106800254,
    "end": 1564106800254,
    "duration": 0,
    "pid": 27998,
    "index": 7
  },
  {
    "name": "Require(5) node_modules/_egg-i18n@1.2.0@egg-i18n/config/config.default.js",
    "start": 1564106800254,
    "end": 1564106800256,
    "duration": 2,
    "pid": 27998,
    "index": 8
  },
  {
    "name": "Require(6) node_modules/_egg-watcher@2.2.0@egg-watcher/config/config.default.js",
    "start": 1564106800256,
    "end": 1564106800257,
    "duration": 1,
    "pid": 27998,
    "index": 9
  },
  {
    "name": "Require(7) node_modules/_egg-multipart@1.5.1@egg-multipart/config/config.default.js",
    "start": 1564106800257,
    "end": 1564106800257,
    "duration": 0,
    "pid": 27998,
    "index": 10
  },
  {
    "name": "Require(8) node_modules/_egg-logrotator@2.3.3@egg-logrotator/config/config.default.js",
    "start": 1564106800257,
    "end": 1564106800257,
    "duration": 0,
    "pid": 27998,
    "index": 11
  },
  {
    "name": "Require(9) node_modules/_egg-static@1.5.1@egg-static/config/config.default.js",
    "start": 1564106800258,
    "end": 1564106800258,
    "duration": 0,
    "pid": 27998,
    "index": 12
  },
  {
    "name": "Require(10) node_modules/_egg-view@1.2.0@egg-view/config/config.default.js",
    "start": 1564106800258,
    "end": 1564106800258,
    "duration": 0,
    "pid": 27998,
    "index": 13
  },
  {
    "name": "Require(11) node_modules/_egg-mysql@3.0.0@egg-mysql/config/config.default.js",
    "start": 1564106800259,
    "end": 1564106800259,
    "duration": 0,
    "pid": 27998,
    "index": 14
  },
  {
    "name": "Require(12) node_modules/_egg-cors@2.2.0@egg-cors/config/config.default.js",
    "start": 1564106800259,
    "end": 1564106800259,
    "duration": 0,
    "pid": 27998,
    "index": 15
  },
  {
    "name": "Require(13) node_modules/_egg@1.19.0@egg/config/config.default.js",
    "start": 1564106800259,
    "end": 1564106800260,
    "duration": 1,
    "pid": 27998,
    "index": 16
  },
  {
    "name": "Require(14) config/config.default.js",
    "start": 1564106800261,
    "end": 1564106800261,
    "duration": 0,
    "pid": 27998,
    "index": 17
  },
  {
    "name": "Require(15) node_modules/_egg-static@1.5.1@egg-static/config/config.prod.js",
    "start": 1564106800262,
    "end": 1564106800262,
    "duration": 0,
    "pid": 27998,
    "index": 18
  },
  {
    "name": "Load extend/application.js",
    "start": 1564106800270,
    "end": 1564106800293,
    "duration": 23,
    "pid": 27998,
    "index": 19
  },
  {
    "name": "Require(16) node_modules/_egg-session@2.2.0@egg-session/app/extend/application.js",
    "start": 1564106800270,
    "end": 1564106800271,
    "duration": 1,
    "pid": 27998,
    "index": 20
  },
  {
    "name": "Require(17) node_modules/_egg-security@1.13.2@egg-security/app/extend/application.js",
    "start": 1564106800271,
    "end": 1564106800271,
    "duration": 0,
    "pid": 27998,
    "index": 21
  },
  {
    "name": "Require(18) node_modules/_egg-jsonp@1.2.2@egg-jsonp/app/extend/application.js",
    "start": 1564106800271,
    "end": 1564106800284,
    "duration": 13,
    "pid": 27998,
    "index": 22
  },
  {
    "name": "Require(19) node_modules/_egg-logrotator@2.3.3@egg-logrotator/app/extend/application.js",
    "start": 1564106800287,
    "end": 1564106800291,
    "duration": 4,
    "pid": 27998,
    "index": 23
  },
  {
    "name": "Require(20) node_modules/_egg-view@1.2.0@egg-view/app/extend/application.js",
    "start": 1564106800292,
    "end": 1564106800293,
    "duration": 1,
    "pid": 27998,
    "index": 24
  },
  {
    "name": "Load extend/request.js",
    "start": 1564106800293,
    "end": 1564106800296,
    "duration": 3,
    "pid": 27998,
    "index": 25
  },
  {
    "name": "Require(21) node_modules/_egg@1.19.0@egg/app/extend/request.js",
    "start": 1564106800295,
    "end": 1564106800295,
    "duration": 0,
    "pid": 27998,
    "index": 26
  },
  {
    "name": "Load extend/response.js",
    "start": 1564106800296,
    "end": 1564106800298,
    "duration": 2,
    "pid": 27998,
    "index": 27
  },
  {
    "name": "Require(22) node_modules/_egg@1.19.0@egg/app/extend/response.js",
    "start": 1564106800297,
    "end": 1564106800298,
    "duration": 1,
    "pid": 27998,
    "index": 28
  },
  {
    "name": "Load extend/context.js",
    "start": 1564106800298,
    "end": 1564106800443,
    "duration": 145,
    "pid": 27998,
    "index": 29
  },
  {
    "name": "Require(23) node_modules/_egg-security@1.13.2@egg-security/app/extend/context.js",
    "start": 1564106800298,
    "end": 1564106800312,
    "duration": 14,
    "pid": 27998,
    "index": 30
  },
  {
    "name": "Require(24) node_modules/_egg-jsonp@1.2.2@egg-jsonp/app/extend/context.js",
    "start": 1564106800313,
    "end": 1564106800314,
    "duration": 1,
    "pid": 27998,
    "index": 31
  },
  {
    "name": "Require(25) node_modules/_egg-i18n@1.2.0@egg-i18n/app/extend/context.js",
    "start": 1564106800314,
    "end": 1564106800314,
    "duration": 0,
    "pid": 27998,
    "index": 32
  },
  {
    "name": "Require(26) node_modules/_egg-multipart@1.5.1@egg-multipart/app/extend/context.js",
    "start": 1564106800314,
    "end": 1564106800438,
    "duration": 124,
    "pid": 27998,
    "index": 33
  },
  {
    "name": "Require(27) node_modules/_egg-view@1.2.0@egg-view/app/extend/context.js",
    "start": 1564106800438,
    "end": 1564106800439,
    "duration": 1,
    "pid": 27998,
    "index": 34
  },
  {
    "name": "Require(28) node_modules/_egg-validate@1.1.1@egg-validate/app/extend/context.js",
    "start": 1564106800439,
    "end": 1564106800439,
    "duration": 0,
    "pid": 27998,
    "index": 35
  },
  {
    "name": "Require(29) node_modules/_egg@1.19.0@egg/app/extend/context.js",
    "start": 1564106800439,
    "end": 1564106800440,
    "duration": 1,
    "pid": 27998,
    "index": 36
  },
  {
    "name": "Load extend/helper.js",
    "start": 1564106800443,
    "end": 1564106800484,
    "duration": 41,
    "pid": 27998,
    "index": 37
  },
  {
    "name": "Require(30) node_modules/_egg-security@1.13.2@egg-security/app/extend/helper.js",
    "start": 1564106800444,
    "end": 1564106800482,
    "duration": 38,
    "pid": 27998,
    "index": 38
  },
  {
    "name": "Require(31) node_modules/_egg@1.19.0@egg/app/extend/helper.js",
    "start": 1564106800483,
    "end": 1564106800483,
    "duration": 0,
    "pid": 27998,
    "index": 39
  },
  {
    "name": "Load app.js",
    "start": 1564106800484,
    "end": 1564106800825,
    "duration": 341,
    "pid": 27998,
    "index": 40
  },
  {
    "name": "Require(32) node_modules/_egg-session@2.2.0@egg-session/app.js",
    "start": 1564106800484,
    "end": 1564106800484,
    "duration": 0,
    "pid": 27998,
    "index": 41
  },
  {
    "name": "Require(33) node_modules/_egg-security@1.13.2@egg-security/app.js",
    "start": 1564106800485,
    "end": 1564106800485,
    "duration": 0,
    "pid": 27998,
    "index": 42
  },
  {
    "name": "Require(34) node_modules/_egg-onerror@1.6.0@egg-onerror/app.js",
    "start": 1564106800486,
    "end": 1564106800492,
    "duration": 6,
    "pid": 27998,
    "index": 43
  },
  {
    "name": "Require(35) node_modules/_egg-i18n@1.2.0@egg-i18n/app.js",
    "start": 1564106800498,
    "end": 1564106800503,
    "duration": 5,
    "pid": 27998,
    "index": 44
  },
  {
    "name": "Require(36) node_modules/_egg-watcher@2.2.0@egg-watcher/app.js",
    "start": 1564106800505,
    "end": 1564106800507,
    "duration": 2,
    "pid": 27998,
    "index": 45
  },
  {
    "name": "Before Start in node_modules/_egg-watcher@2.2.0@egg-watcher/app.js:15:7",
    "start": 1564106800559,
    "end": 1564106801605,
    "duration": 1046,
    "pid": 27998,
    "index": 46
  },
  {
    "name": "Require(37) node_modules/_egg-multipart@1.5.1@egg-multipart/app.js",
    "start": 1564106800561,
    "end": 1564106800563,
    "duration": 2,
    "pid": 27998,
    "index": 47
  },
  {
    "name": "Require(38) node_modules/_egg-schedule@2.6.0@egg-schedule/app.js",
    "start": 1564106800563,
    "end": 1564106800565,
    "duration": 2,
    "pid": 27998,
    "index": 48
  },
  {
    "name": "Require(39) node_modules/_egg-logrotator@2.3.3@egg-logrotator/app.js",
    "start": 1564106800675,
    "end": 1564106800680,
    "duration": 5,
    "pid": 27998,
    "index": 49
  },
  {
    "name": "Require(40) node_modules/_egg-static@1.5.1@egg-static/app.js",
    "start": 1564106800680,
    "end": 1564106800680,
    "duration": 0,
    "pid": 27998,
    "index": 50
  },
  {
    "name": "Require(41) node_modules/_egg-validate@1.1.1@egg-validate/app.js",
    "start": 1564106800684,
    "end": 1564106800686,
    "duration": 2,
    "pid": 27998,
    "index": 51
  },
  {
    "name": "Require(42) node_modules/_egg-mysql@3.0.0@egg-mysql/app.js",
    "start": 1564106800688,
    "end": 1564106800744,
    "duration": 56,
    "pid": 27998,
    "index": 52
  },
  {
    "name": "Before Start in node_modules/_egg-mysql@3.0.0@egg-mysql/lib/mysql.js:20:7",
    "start": 1564106800825,
    "end": 1564106801662,
    "duration": 837,
    "pid": 27998,
    "index": 53
  },
  {
    "name": "Require(43) node_modules/_egg-cors@2.2.0@egg-cors/app.js",
    "start": 1564106800825,
    "end": 1564106800825,
    "duration": 0,
    "pid": 27998,
    "index": 54
  },
  {
    "name": "Load Service",
    "start": 1564106800825,
    "end": 1564106800830,
    "duration": 5,
    "pid": 27998,
    "index": 55
  },
  {
    "name": "Load \"service\" to Context",
    "start": 1564106800826,
    "end": 1564106800830,
    "duration": 4,
    "pid": 27998,
    "index": 56
  },
  {
    "name": "Load Middleware",
    "start": 1564106800830,
    "end": 1564106800910,
    "duration": 80,
    "pid": 27998,
    "index": 57
  },
  {
    "name": "Load \"middlewares\" to Application",
    "start": 1564106800830,
    "end": 1564106800897,
    "duration": 67,
    "pid": 27998,
    "index": 58
  },
  {
    "name": "Load Controller",
    "start": 1564106800910,
    "end": 1564106801547,
    "duration": 637,
    "pid": 27998,
    "index": 59
  },
  {
    "name": "Load \"controller\" to Application",
    "start": 1564106800910,
    "end": 1564106801547,
    "duration": 637,
    "pid": 27998,
    "index": 60
  },
  {
    "name": "Load Router",
    "start": 1564106801547,
    "end": 1564106801572,
    "duration": 25,
    "pid": 27998,
    "index": 61
  },
  {
    "name": "Require(44) app/router.js",
    "start": 1564106801547,
    "end": 1564106801547,
    "duration": 0,
    "pid": 27998,
    "index": 62
  },
  {
    "name": "Before Start in node_modules/_egg-core@3.21.4@egg-core/lib/egg.js:330:10",
    "start": 1564106801570,
    "end": 1564106801587,
    "duration": 17,
    "pid": 27998,
    "index": 63
  }
]