[
  {
    "name": "Application Start",
    "start": 1564070277332,
    "end": 1564070277848,
    "duration": 516,
    "pid": 26582,
    "index": 0
  },
  {
    "name": "Load Plugin",
    "start": 1564070277336,
    "end": 1564070277344,
    "duration": 8,
    "pid": 26582,
    "index": 1
  },
  {
    "name": "Load Config",
    "start": 1564070277344,
    "end": 1564070277352,
    "duration": 8,
    "pid": 26582,
    "index": 2
  },
  {
    "name": "Require(0) config/config.default.js",
    "start": 1564070277344,
    "end": 1564070277345,
    "duration": 1,
    "pid": 26582,
    "index": 3
  },
  {
    "name": "Require(1) node_modules/_egg-session@2.2.0@egg-session/config/config.default.js",
    "start": 1564070277345,
    "end": 1564070277346,
    "duration": 1,
    "pid": 26582,
    "index": 4
  },
  {
    "name": "Require(2) node_modules/_egg-security@1.13.2@egg-security/config/config.default.js",
    "start": 1564070277346,
    "end": 1564070277346,
    "duration": 0,
    "pid": 26582,
    "index": 5
  },
  {
    "name": "Require(3) node_modules/_egg-jsonp@1.2.2@egg-jsonp/config/config.default.js",
    "start": 1564070277346,
    "end": 1564070277347,
    "duration": 1,
    "pid": 26582,
    "index": 6
  },
  {
    "name": "Require(4) node_modules/_egg-onerror@1.6.0@egg-onerror/config/config.default.js",
    "start": 1564070277347,
    "end": 1564070277347,
    "duration": 0,
    "pid": 26582,
    "index": 7
  },
  {
    "name": "Require(5) node_modules/_egg-i18n@1.2.0@egg-i18n/config/config.default.js",
    "start": 1564070277347,
    "end": 1564070277347,
    "duration": 0,
    "pid": 26582,
    "index": 8
  },
  {
    "name": "Require(6) node_modules/_egg-watcher@2.2.0@egg-watcher/config/config.default.js",
    "start": 1564070277347,
    "end": 1564070277347,
    "duration": 0,
    "pid": 26582,
    "index": 9
  },
  {
    "name": "Require(7) node_modules/_egg-multipart@1.5.1@egg-multipart/config/config.default.js",
    "start": 1564070277347,
    "end": 1564070277347,
    "duration": 0,
    "pid": 26582,
    "index": 10
  },
  {
    "name": "Require(8) node_modules/_egg-development@1.4.2@egg-development/config/config.default.js",
    "start": 1564070277348,
    "end": 1564070277348,
    "duration": 0,
    "pid": 26582,
    "index": 11
  },
  {
    "name": "Require(9) node_modules/_egg-logrotator@2.3.3@egg-logrotator/config/config.default.js",
    "start": 1564070277348,
    "end": 1564070277348,
    "duration": 0,
    "pid": 26582,
    "index": 12
  },
  {
    "name": "Require(10) node_modules/_egg-static@1.5.1@egg-static/config/config.default.js",
    "start": 1564070277348,
    "end": 1564070277348,
    "duration": 0,
    "pid": 26582,
    "index": 13
  },
  {
    "name": "Require(11) node_modules/_egg-view@1.2.0@egg-view/config/config.default.js",
    "start": 1564070277348,
    "end": 1564070277349,
    "duration": 1,
    "pid": 26582,
    "index": 14
  },
  {
    "name": "Require(12) node_modules/_egg-mysql@3.0.0@egg-mysql/config/config.default.js",
    "start": 1564070277349,
    "end": 1564070277349,
    "duration": 0,
    "pid": 26582,
    "index": 15
  },
  {
    "name": "Require(13) node_modules/_egg-cors@2.2.0@egg-cors/config/config.default.js",
    "start": 1564070277349,
    "end": 1564070277349,
    "duration": 0,
    "pid": 26582,
    "index": 16
  },
  {
    "name": "Require(14) node_modules/_egg@1.19.0@egg/config/config.default.js",
    "start": 1564070277349,
    "end": 1564070277350,
    "duration": 1,
    "pid": 26582,
    "index": 17
  },
  {
    "name": "Require(15) config/config.default.js",
    "start": 1564070277351,
    "end": 1564070277351,
    "duration": 0,
    "pid": 26582,
    "index": 18
  },
  {
    "name": "Require(16) node_modules/_egg-security@1.13.2@egg-security/config/config.local.js",
    "start": 1564070277351,
    "end": 1564070277351,
    "duration": 0,
    "pid": 26582,
    "index": 19
  },
  {
    "name": "Require(17) node_modules/_egg-watcher@2.2.0@egg-watcher/config/config.local.js",
    "start": 1564070277351,
    "end": 1564070277351,
    "duration": 0,
    "pid": 26582,
    "index": 20
  },
  {
    "name": "Require(18) node_modules/_egg-view@1.2.0@egg-view/config/config.local.js",
    "start": 1564070277351,
    "end": 1564070277352,
    "duration": 1,
    "pid": 26582,
    "index": 21
  },
  {
    "name": "Require(19) node_modules/_egg@1.19.0@egg/config/config.local.js",
    "start": 1564070277352,
    "end": 1564070277352,
    "duration": 0,
    "pid": 26582,
    "index": 22
  },
  {
    "name": "Load extend/application.js",
    "start": 1564070277353,
    "end": 1564070277357,
    "duration": 4,
    "pid": 26582,
    "index": 23
  },
  {
    "name": "Require(20) node_modules/_egg-session@2.2.0@egg-session/app/extend/application.js",
    "start": 1564070277353,
    "end": 1564070277354,
    "duration": 1,
    "pid": 26582,
    "index": 24
  },
  {
    "name": "Require(21) node_modules/_egg-security@1.13.2@egg-security/app/extend/application.js",
    "start": 1564070277354,
    "end": 1564070277354,
    "duration": 0,
    "pid": 26582,
    "index": 25
  },
  {
    "name": "Require(22) node_modules/_egg-jsonp@1.2.2@egg-jsonp/app/extend/application.js",
    "start": 1564070277354,
    "end": 1564070277355,
    "duration": 1,
    "pid": 26582,
    "index": 26
  },
  {
    "name": "Require(23) node_modules/_egg-logrotator@2.3.3@egg-logrotator/app/extend/application.js",
    "start": 1564070277355,
    "end": 1564070277356,
    "duration": 1,
    "pid": 26582,
    "index": 27
  },
  {
    "name": "Require(24) node_modules/_egg-view@1.2.0@egg-view/app/extend/application.js",
    "start": 1564070277356,
    "end": 1564070277356,
    "duration": 0,
    "pid": 26582,
    "index": 28
  },
  {
    "name": "Load extend/request.js",
    "start": 1564070277357,
    "end": 1564070277358,
    "duration": 1,
    "pid": 26582,
    "index": 29
  },
  {
    "name": "Require(25) node_modules/_egg@1.19.0@egg/app/extend/request.js",
    "start": 1564070277357,
    "end": 1564070277358,
    "duration": 1,
    "pid": 26582,
    "index": 30
  },
  {
    "name": "Load extend/response.js",
    "start": 1564070277358,
    "end": 1564070277360,
    "duration": 2,
    "pid": 26582,
    "index": 31
  },
  {
    "name": "Require(26) node_modules/_egg@1.19.0@egg/app/extend/response.js",
    "start": 1564070277359,
    "end": 1564070277359,
    "duration": 0,
    "pid": 26582,
    "index": 32
  },
  {
    "name": "Load extend/context.js",
    "start": 1564070277360,
    "end": 1564070277396,
    "duration": 36,
    "pid": 26582,
    "index": 33
  },
  {
    "name": "Require(27) node_modules/_egg-security@1.13.2@egg-security/app/extend/context.js",
    "start": 1564070277360,
    "end": 1564070277363,
    "duration": 3,
    "pid": 26582,
    "index": 34
  },
  {
    "name": "Require(28) node_modules/_egg-jsonp@1.2.2@egg-jsonp/app/extend/context.js",
    "start": 1564070277363,
    "end": 1564070277364,
    "duration": 1,
    "pid": 26582,
    "index": 35
  },
  {
    "name": "Require(29) node_modules/_egg-i18n@1.2.0@egg-i18n/app/extend/context.js",
    "start": 1564070277364,
    "end": 1564070277364,
    "duration": 0,
    "pid": 26582,
    "index": 36
  },
  {
    "name": "Require(30) node_modules/_egg-multipart@1.5.1@egg-multipart/app/extend/context.js",
    "start": 1564070277364,
    "end": 1564070277392,
    "duration": 28,
    "pid": 26582,
    "index": 37
  },
  {
    "name": "Require(31) node_modules/_egg-view@1.2.0@egg-view/app/extend/context.js",
    "start": 1564070277393,
    "end": 1564070277394,
    "duration": 1,
    "pid": 26582,
    "index": 38
  },
  {
    "name": "Require(32) node_modules/_egg-validate@1.1.1@egg-validate/app/extend/context.js",
    "start": 1564070277394,
    "end": 1564070277394,
    "duration": 0,
    "pid": 26582,
    "index": 39
  },
  {
    "name": "Require(33) node_modules/_egg@1.19.0@egg/app/extend/context.js",
    "start": 1564070277394,
    "end": 1564070277395,
    "duration": 1,
    "pid": 26582,
    "index": 40
  },
  {
    "name": "Load extend/helper.js",
    "start": 1564070277396,
    "end": 1564070277414,
    "duration": 18,
    "pid": 26582,
    "index": 41
  },
  {
    "name": "Require(34) node_modules/_egg-security@1.13.2@egg-security/app/extend/helper.js",
    "start": 1564070277396,
    "end": 1564070277412,
    "duration": 16,
    "pid": 26582,
    "index": 42
  },
  {
    "name": "Require(35) node_modules/_egg@1.19.0@egg/app/extend/helper.js",
    "start": 1564070277413,
    "end": 1564070277413,
    "duration": 0,
    "pid": 26582,
    "index": 43
  },
  {
    "name": "Load app.js",
    "start": 1564070277414,
    "end": 1564070277519,
    "duration": 105,
    "pid": 26582,
    "index": 44
  },
  {
    "name": "Require(36) node_modules/_egg-session@2.2.0@egg-session/app.js",
    "start": 1564070277415,
    "end": 1564070277415,
    "duration": 0,
    "pid": 26582,
    "index": 45
  },
  {
    "name": "Require(37) node_modules/_egg-security@1.13.2@egg-security/app.js",
    "start": 1564070277415,
    "end": 1564070277416,
    "duration": 1,
    "pid": 26582,
    "index": 46
  },
  {
    "name": "Require(38) node_modules/_egg-onerror@1.6.0@egg-onerror/app.js",
    "start": 1564070277419,
    "end": 1564070277426,
    "duration": 7,
    "pid": 26582,
    "index": 47
  },
  {
    "name": "Require(39) node_modules/_egg-i18n@1.2.0@egg-i18n/app.js",
    "start": 1564070277427,
    "end": 1564070277431,
    "duration": 4,
    "pid": 26582,
    "index": 48
  },
  {
    "name": "Require(40) node_modules/_egg-watcher@2.2.0@egg-watcher/app.js",
    "start": 1564070277433,
    "end": 1564070277434,
    "duration": 1,
    "pid": 26582,
    "index": 49
  },
  {
    "name": "Before Start in node_modules/_egg-watcher@2.2.0@egg-watcher/app.js:15:7",
    "start": 1564070277442,
    "end": 1564070277803,
    "duration": 361,
    "pid": 26582,
    "index": 50
  },
  {
    "name": "Require(41) node_modules/_egg-multipart@1.5.1@egg-multipart/app.js",
    "start": 1564070277443,
    "end": 1564070277448,
    "duration": 5,
    "pid": 26582,
    "index": 51
  },
  {
    "name": "Require(42) node_modules/_egg-development@1.4.2@egg-development/app.js",
    "start": 1564070277449,
    "end": 1564070277450,
    "duration": 1,
    "pid": 26582,
    "index": 52
  },
  {
    "name": "Before Start in node_modules/_egg-development@1.4.2@egg-development/app.js:12:7",
    "start": 1564070277450,
    "end": 1564070277801,
    "duration": 351,
    "pid": 26582,
    "index": 53
  },
  {
    "name": "Require(43) node_modules/_egg-schedule@2.6.0@egg-schedule/app.js",
    "start": 1564070277450,
    "end": 1564070277452,
    "duration": 2,
    "pid": 26582,
    "index": 54
  },
  {
    "name": "Require(44) node_modules/_egg-logrotator@2.3.3@egg-logrotator/app.js",
    "start": 1564070277484,
    "end": 1564070277485,
    "duration": 1,
    "pid": 26582,
    "index": 55
  },
  {
    "name": "Require(45) node_modules/_egg-static@1.5.1@egg-static/app.js",
    "start": 1564070277485,
    "end": 1564070277485,
    "duration": 0,
    "pid": 26582,
    "index": 56
  },
  {
    "name": "Require(46) node_modules/_egg-validate@1.1.1@egg-validate/app.js",
    "start": 1564070277485,
    "end": 1564070277486,
    "duration": 1,
    "pid": 26582,
    "index": 57
  },
  {
    "name": "Require(47) node_modules/_egg-mysql@3.0.0@egg-mysql/app.js",
    "start": 1564070277486,
    "end": 1564070277490,
    "duration": 4,
    "pid": 26582,
    "index": 58
  },
  {
    "name": "Before Start in node_modules/_egg-mysql@3.0.0@egg-mysql/lib/mysql.js:20:7",
    "start": 1564070277518,
    "end": 1564070277847,
    "duration": 329,
    "pid": 26582,
    "index": 59
  },
  {
    "name": "Require(48) node_modules/_egg-cors@2.2.0@egg-cors/app.js",
    "start": 1564070277519,
    "end": 1564070277519,
    "duration": 0,
    "pid": 26582,
    "index": 60
  },
  {
    "name": "Load Service",
    "start": 1564070277519,
    "end": 1564070277522,
    "duration": 3,
    "pid": 26582,
    "index": 61
  },
  {
    "name": "Load \"service\" to Context",
    "start": 1564070277519,
    "end": 1564070277522,
    "duration": 3,
    "pid": 26582,
    "index": 62
  },
  {
    "name": "Load Middleware",
    "start": 1564070277522,
    "end": 1564070277552,
    "duration": 30,
    "pid": 26582,
    "index": 63
  },
  {
    "name": "Load \"middlewares\" to Application",
    "start": 1564070277522,
    "end": 1564070277547,
    "duration": 25,
    "pid": 26582,
    "index": 64
  },
  {
    "name": "Load Controller",
    "start": 1564070277552,
    "end": 1564070277783,
    "duration": 231,
    "pid": 26582,
    "index": 65
  },
  {
    "name": "Load \"controller\" to Application",
    "start": 1564070277552,
    "end": 1564070277783,
    "duration": 231,
    "pid": 26582,
    "index": 66
  },
  {
    "name": "Load Router",
    "start": 1564070277783,
    "end": 1564070277785,
    "duration": 2,
    "pid": 26582,
    "index": 67
  },
  {
    "name": "Require(49) app/router.js",
    "start": 1564070277783,
    "end": 1564070277783,
    "duration": 0,
    "pid": 26582,
    "index": 68
  },
  {
    "name": "Before Start in node_modules/_egg-core@3.21.4@egg-core/lib/egg.js:330:10",
    "start": 1564070277784,
    "end": 1564070277794,
    "duration": 10,
    "pid": 26582,
    "index": 69
  }
]