[
  {
    "name": "Application Start",
    "start": 1564070261713,
    "end": 1564070262398,
    "duration": 685,
    "pid": 26541,
    "index": 0
  },
  {
    "name": "Load Plugin",
    "start": 1564070261720,
    "end": 1564070261733,
    "duration": 13,
    "pid": 26541,
    "index": 1
  },
  {
    "name": "Load Config",
    "start": 1564070261733,
    "end": 1564070261748,
    "duration": 15,
    "pid": 26541,
    "index": 2
  },
  {
    "name": "Require(0) config/config.default.js",
    "start": 1564070261734,
    "end": 1564070261735,
    "duration": 1,
    "pid": 26541,
    "index": 3
  },
  {
    "name": "Require(1) node_modules/_egg-session@2.2.0@egg-session/config/config.default.js",
    "start": 1564070261736,
    "end": 1564070261736,
    "duration": 0,
    "pid": 26541,
    "index": 4
  },
  {
    "name": "Require(2) node_modules/_egg-security@1.13.2@egg-security/config/config.default.js",
    "start": 1564070261736,
    "end": 1564070261737,
    "duration": 1,
    "pid": 26541,
    "index": 5
  },
  {
    "name": "Require(3) node_modules/_egg-jsonp@1.2.2@egg-jsonp/config/config.default.js",
    "start": 1564070261737,
    "end": 1564070261738,
    "duration": 1,
    "pid": 26541,
    "index": 6
  },
  {
    "name": "Require(4) node_modules/_egg-onerror@1.6.0@egg-onerror/config/config.default.js",
    "start": 1564070261738,
    "end": 1564070261738,
    "duration": 0,
    "pid": 26541,
    "index": 7
  },
  {
    "name": "Require(5) node_modules/_egg-i18n@1.2.0@egg-i18n/config/config.default.js",
    "start": 1564070261738,
    "end": 1564070261739,
    "duration": 1,
    "pid": 26541,
    "index": 8
  },
  {
    "name": "Require(6) node_modules/_egg-watcher@2.2.0@egg-watcher/config/config.default.js",
    "start": 1564070261739,
    "end": 1564070261739,
    "duration": 0,
    "pid": 26541,
    "index": 9
  },
  {
    "name": "Require(7) node_modules/_egg-multipart@1.5.1@egg-multipart/config/config.default.js",
    "start": 1564070261739,
    "end": 1564070261740,
    "duration": 1,
    "pid": 26541,
    "index": 10
  },
  {
    "name": "Require(8) node_modules/_egg-development@1.4.2@egg-development/config/config.default.js",
    "start": 1564070261740,
    "end": 1564070261740,
    "duration": 0,
    "pid": 26541,
    "index": 11
  },
  {
    "name": "Require(9) node_modules/_egg-logrotator@2.3.3@egg-logrotator/config/config.default.js",
    "start": 1564070261741,
    "end": 1564070261741,
    "duration": 0,
    "pid": 26541,
    "index": 12
  },
  {
    "name": "Require(10) node_modules/_egg-static@1.5.1@egg-static/config/config.default.js",
    "start": 1564070261741,
    "end": 1564070261742,
    "duration": 1,
    "pid": 26541,
    "index": 13
  },
  {
    "name": "Require(11) node_modules/_egg-view@1.2.0@egg-view/config/config.default.js",
    "start": 1564070261742,
    "end": 1564070261742,
    "duration": 0,
    "pid": 26541,
    "index": 14
  },
  {
    "name": "Require(12) node_modules/_egg-mysql@3.0.0@egg-mysql/config/config.default.js",
    "start": 1564070261742,
    "end": 1564070261743,
    "duration": 1,
    "pid": 26541,
    "index": 15
  },
  {
    "name": "Require(13) node_modules/_egg-cors@2.2.0@egg-cors/config/config.default.js",
    "start": 1564070261743,
    "end": 1564070261743,
    "duration": 0,
    "pid": 26541,
    "index": 16
  },
  {
    "name": "Require(14) node_modules/_egg@1.19.0@egg/config/config.default.js",
    "start": 1564070261743,
    "end": 1564070261744,
    "duration": 1,
    "pid": 26541,
    "index": 17
  },
  {
    "name": "Require(15) config/config.default.js",
    "start": 1564070261745,
    "end": 1564070261745,
    "duration": 0,
    "pid": 26541,
    "index": 18
  },
  {
    "name": "Require(16) node_modules/_egg-security@1.13.2@egg-security/config/config.local.js",
    "start": 1564070261745,
    "end": 1564070261746,
    "duration": 1,
    "pid": 26541,
    "index": 19
  },
  {
    "name": "Require(17) node_modules/_egg-watcher@2.2.0@egg-watcher/config/config.local.js",
    "start": 1564070261746,
    "end": 1564070261746,
    "duration": 0,
    "pid": 26541,
    "index": 20
  },
  {
    "name": "Require(18) node_modules/_egg-view@1.2.0@egg-view/config/config.local.js",
    "start": 1564070261747,
    "end": 1564070261747,
    "duration": 0,
    "pid": 26541,
    "index": 21
  },
  {
    "name": "Require(19) node_modules/_egg@1.19.0@egg/config/config.local.js",
    "start": 1564070261747,
    "end": 1564070261748,
    "duration": 1,
    "pid": 26541,
    "index": 22
  },
  {
    "name": "Load extend/application.js",
    "start": 1564070261749,
    "end": 1564070261756,
    "duration": 7,
    "pid": 26541,
    "index": 23
  },
  {
    "name": "Require(20) node_modules/_egg-session@2.2.0@egg-session/app/extend/application.js",
    "start": 1564070261749,
    "end": 1564070261750,
    "duration": 1,
    "pid": 26541,
    "index": 24
  },
  {
    "name": "Require(21) node_modules/_egg-security@1.13.2@egg-security/app/extend/application.js",
    "start": 1564070261750,
    "end": 1564070261751,
    "duration": 1,
    "pid": 26541,
    "index": 25
  },
  {
    "name": "Require(22) node_modules/_egg-jsonp@1.2.2@egg-jsonp/app/extend/application.js",
    "start": 1564070261751,
    "end": 1564070261752,
    "duration": 1,
    "pid": 26541,
    "index": 26
  },
  {
    "name": "Require(23) node_modules/_egg-logrotator@2.3.3@egg-logrotator/app/extend/application.js",
    "start": 1564070261753,
    "end": 1564070261754,
    "duration": 1,
    "pid": 26541,
    "index": 27
  },
  {
    "name": "Require(24) node_modules/_egg-view@1.2.0@egg-view/app/extend/application.js",
    "start": 1564070261754,
    "end": 1564070261755,
    "duration": 1,
    "pid": 26541,
    "index": 28
  },
  {
    "name": "Load extend/request.js",
    "start": 1564070261756,
    "end": 1564070261758,
    "duration": 2,
    "pid": 26541,
    "index": 29
  },
  {
    "name": "Require(25) node_modules/_egg@1.19.0@egg/app/extend/request.js",
    "start": 1564070261756,
    "end": 1564070261757,
    "duration": 1,
    "pid": 26541,
    "index": 30
  },
  {
    "name": "Load extend/response.js",
    "start": 1564070261758,
    "end": 1564070261759,
    "duration": 1,
    "pid": 26541,
    "index": 31
  },
  {
    "name": "Require(26) node_modules/_egg@1.19.0@egg/app/extend/response.js",
    "start": 1564070261758,
    "end": 1564070261759,
    "duration": 1,
    "pid": 26541,
    "index": 32
  },
  {
    "name": "Load extend/context.js",
    "start": 1564070261759,
    "end": 1564070261806,
    "duration": 47,
    "pid": 26541,
    "index": 33
  },
  {
    "name": "Require(27) node_modules/_egg-security@1.13.2@egg-security/app/extend/context.js",
    "start": 1564070261759,
    "end": 1564070261767,
    "duration": 8,
    "pid": 26541,
    "index": 34
  },
  {
    "name": "Require(28) node_modules/_egg-jsonp@1.2.2@egg-jsonp/app/extend/context.js",
    "start": 1564070261767,
    "end": 1564070261768,
    "duration": 1,
    "pid": 26541,
    "index": 35
  },
  {
    "name": "Require(29) node_modules/_egg-i18n@1.2.0@egg-i18n/app/extend/context.js",
    "start": 1564070261768,
    "end": 1564070261769,
    "duration": 1,
    "pid": 26541,
    "index": 36
  },
  {
    "name": "Require(30) node_modules/_egg-multipart@1.5.1@egg-multipart/app/extend/context.js",
    "start": 1564070261769,
    "end": 1564070261802,
    "duration": 33,
    "pid": 26541,
    "index": 37
  },
  {
    "name": "Require(31) node_modules/_egg-view@1.2.0@egg-view/app/extend/context.js",
    "start": 1564070261802,
    "end": 1564070261803,
    "duration": 1,
    "pid": 26541,
    "index": 38
  },
  {
    "name": "Require(32) node_modules/_egg-validate@1.1.1@egg-validate/app/extend/context.js",
    "start": 1564070261804,
    "end": 1564070261804,
    "duration": 0,
    "pid": 26541,
    "index": 39
  },
  {
    "name": "Require(33) node_modules/_egg@1.19.0@egg/app/extend/context.js",
    "start": 1564070261804,
    "end": 1564070261805,
    "duration": 1,
    "pid": 26541,
    "index": 40
  },
  {
    "name": "Load extend/helper.js",
    "start": 1564070261806,
    "end": 1564070261821,
    "duration": 15,
    "pid": 26541,
    "index": 41
  },
  {
    "name": "Require(34) node_modules/_egg-security@1.13.2@egg-security/app/extend/helper.js",
    "start": 1564070261806,
    "end": 1564070261819,
    "duration": 13,
    "pid": 26541,
    "index": 42
  },
  {
    "name": "Require(35) node_modules/_egg@1.19.0@egg/app/extend/helper.js",
    "start": 1564070261820,
    "end": 1564070261820,
    "duration": 0,
    "pid": 26541,
    "index": 43
  },
  {
    "name": "Load app.js",
    "start": 1564070261821,
    "end": 1564070261980,
    "duration": 159,
    "pid": 26541,
    "index": 44
  },
  {
    "name": "Require(36) node_modules/_egg-session@2.2.0@egg-session/app.js",
    "start": 1564070261821,
    "end": 1564070261821,
    "duration": 0,
    "pid": 26541,
    "index": 45
  },
  {
    "name": "Require(37) node_modules/_egg-security@1.13.2@egg-security/app.js",
    "start": 1564070261821,
    "end": 1564070261823,
    "duration": 2,
    "pid": 26541,
    "index": 46
  },
  {
    "name": "Require(38) node_modules/_egg-onerror@1.6.0@egg-onerror/app.js",
    "start": 1564070261824,
    "end": 1564070261832,
    "duration": 8,
    "pid": 26541,
    "index": 47
  },
  {
    "name": "Require(39) node_modules/_egg-i18n@1.2.0@egg-i18n/app.js",
    "start": 1564070261833,
    "end": 1564070261839,
    "duration": 6,
    "pid": 26541,
    "index": 48
  },
  {
    "name": "Require(40) node_modules/_egg-watcher@2.2.0@egg-watcher/app.js",
    "start": 1564070261840,
    "end": 1564070261843,
    "duration": 3,
    "pid": 26541,
    "index": 49
  },
  {
    "name": "Before Start in node_modules/_egg-watcher@2.2.0@egg-watcher/app.js:15:7",
    "start": 1564070261853,
    "end": 1564070262354,
    "duration": 501,
    "pid": 26541,
    "index": 50
  },
  {
    "name": "Require(41) node_modules/_egg-multipart@1.5.1@egg-multipart/app.js",
    "start": 1564070261854,
    "end": 1564070261857,
    "duration": 3,
    "pid": 26541,
    "index": 51
  },
  {
    "name": "Require(42) node_modules/_egg-development@1.4.2@egg-development/app.js",
    "start": 1564070261858,
    "end": 1564070261859,
    "duration": 1,
    "pid": 26541,
    "index": 52
  },
  {
    "name": "Before Start in node_modules/_egg-development@1.4.2@egg-development/app.js:12:7",
    "start": 1564070261859,
    "end": 1564070262352,
    "duration": 493,
    "pid": 26541,
    "index": 53
  },
  {
    "name": "Require(43) node_modules/_egg-schedule@2.6.0@egg-schedule/app.js",
    "start": 1564070261859,
    "end": 1564070261860,
    "duration": 1,
    "pid": 26541,
    "index": 54
  },
  {
    "name": "Require(44) node_modules/_egg-logrotator@2.3.3@egg-logrotator/app.js",
    "start": 1564070261890,
    "end": 1564070261890,
    "duration": 0,
    "pid": 26541,
    "index": 55
  },
  {
    "name": "Require(45) node_modules/_egg-static@1.5.1@egg-static/app.js",
    "start": 1564070261890,
    "end": 1564070261891,
    "duration": 1,
    "pid": 26541,
    "index": 56
  },
  {
    "name": "Require(46) node_modules/_egg-validate@1.1.1@egg-validate/app.js",
    "start": 1564070261891,
    "end": 1564070261893,
    "duration": 2,
    "pid": 26541,
    "index": 57
  },
  {
    "name": "Require(47) node_modules/_egg-mysql@3.0.0@egg-mysql/app.js",
    "start": 1564070261893,
    "end": 1564070261911,
    "duration": 18,
    "pid": 26541,
    "index": 58
  },
  {
    "name": "Before Start in node_modules/_egg-mysql@3.0.0@egg-mysql/lib/mysql.js:20:7",
    "start": 1564070261979,
    "end": 1564070262397,
    "duration": 418,
    "pid": 26541,
    "index": 59
  },
  {
    "name": "Require(48) node_modules/_egg-cors@2.2.0@egg-cors/app.js",
    "start": 1564070261979,
    "end": 1564070261980,
    "duration": 1,
    "pid": 26541,
    "index": 60
  },
  {
    "name": "Load Service",
    "start": 1564070261980,
    "end": 1564070261984,
    "duration": 4,
    "pid": 26541,
    "index": 61
  },
  {
    "name": "Load \"service\" to Context",
    "start": 1564070261980,
    "end": 1564070261984,
    "duration": 4,
    "pid": 26541,
    "index": 62
  },
  {
    "name": "Load Middleware",
    "start": 1564070261984,
    "end": 1564070262061,
    "duration": 77,
    "pid": 26541,
    "index": 63
  },
  {
    "name": "Load \"middlewares\" to Application",
    "start": 1564070261984,
    "end": 1564070262051,
    "duration": 67,
    "pid": 26541,
    "index": 64
  },
  {
    "name": "Load Controller",
    "start": 1564070262061,
    "end": 1564070262335,
    "duration": 274,
    "pid": 26541,
    "index": 65
  },
  {
    "name": "Load \"controller\" to Application",
    "start": 1564070262062,
    "end": 1564070262335,
    "duration": 273,
    "pid": 26541,
    "index": 66
  },
  {
    "name": "Load Router",
    "start": 1564070262335,
    "end": 1564070262338,
    "duration": 3,
    "pid": 26541,
    "index": 67
  },
  {
    "name": "Require(49) app/router.js",
    "start": 1564070262335,
    "end": 1564070262336,
    "duration": 1,
    "pid": 26541,
    "index": 68
  },
  {
    "name": "Before Start in node_modules/_egg-core@3.21.4@egg-core/lib/egg.js:330:10",
    "start": 1564070262336,
    "end": 1564070262346,
    "duration": 10,
    "pid": 26541,
    "index": 69
  }
]