[
  {
    "name": "Application Start",
    "start": 1564070380970,
    "end": 1564070381553,
    "duration": 583,
    "pid": 26674,
    "index": 0
  },
  {
    "name": "Load Plugin",
    "start": 1564070380974,
    "end": 1564070380985,
    "duration": 11,
    "pid": 26674,
    "index": 1
  },
  {
    "name": "Load Config",
    "start": 1564070380985,
    "end": 1564070380995,
    "duration": 10,
    "pid": 26674,
    "index": 2
  },
  {
    "name": "Require(0) config/config.default.js",
    "start": 1564070380985,
    "end": 1564070380985,
    "duration": 0,
    "pid": 26674,
    "index": 3
  },
  {
    "name": "Require(1) node_modules/_egg-session@2.2.0@egg-session/config/config.default.js",
    "start": 1564070380986,
    "end": 1564070380986,
    "duration": 0,
    "pid": 26674,
    "index": 4
  },
  {
    "name": "Require(2) node_modules/_egg-security@1.13.2@egg-security/config/config.default.js",
    "start": 1564070380986,
    "end": 1564070380987,
    "duration": 1,
    "pid": 26674,
    "index": 5
  },
  {
    "name": "Require(3) node_modules/_egg-jsonp@1.2.2@egg-jsonp/config/config.default.js",
    "start": 1564070380987,
    "end": 1564070380987,
    "duration": 0,
    "pid": 26674,
    "index": 6
  },
  {
    "name": "Require(4) node_modules/_egg-onerror@1.6.0@egg-onerror/config/config.default.js",
    "start": 1564070380987,
    "end": 1564070380988,
    "duration": 1,
    "pid": 26674,
    "index": 7
  },
  {
    "name": "Require(5) node_modules/_egg-i18n@1.2.0@egg-i18n/config/config.default.js",
    "start": 1564070380988,
    "end": 1564070380988,
    "duration": 0,
    "pid": 26674,
    "index": 8
  },
  {
    "name": "Require(6) node_modules/_egg-watcher@2.2.0@egg-watcher/config/config.default.js",
    "start": 1564070380988,
    "end": 1564070380988,
    "duration": 0,
    "pid": 26674,
    "index": 9
  },
  {
    "name": "Require(7) node_modules/_egg-multipart@1.5.1@egg-multipart/config/config.default.js",
    "start": 1564070380988,
    "end": 1564070380988,
    "duration": 0,
    "pid": 26674,
    "index": 10
  },
  {
    "name": "Require(8) node_modules/_egg-development@1.4.2@egg-development/config/config.default.js",
    "start": 1564070380988,
    "end": 1564070380989,
    "duration": 1,
    "pid": 26674,
    "index": 11
  },
  {
    "name": "Require(9) node_modules/_egg-logrotator@2.3.3@egg-logrotator/config/config.default.js",
    "start": 1564070380989,
    "end": 1564070380989,
    "duration": 0,
    "pid": 26674,
    "index": 12
  },
  {
    "name": "Require(10) node_modules/_egg-static@1.5.1@egg-static/config/config.default.js",
    "start": 1564070380989,
    "end": 1564070380989,
    "duration": 0,
    "pid": 26674,
    "index": 13
  },
  {
    "name": "Require(11) node_modules/_egg-view@1.2.0@egg-view/config/config.default.js",
    "start": 1564070380989,
    "end": 1564070380990,
    "duration": 1,
    "pid": 26674,
    "index": 14
  },
  {
    "name": "Require(12) node_modules/_egg-mysql@3.0.0@egg-mysql/config/config.default.js",
    "start": 1564070380990,
    "end": 1564070380990,
    "duration": 0,
    "pid": 26674,
    "index": 15
  },
  {
    "name": "Require(13) node_modules/_egg-cors@2.2.0@egg-cors/config/config.default.js",
    "start": 1564070380991,
    "end": 1564070380991,
    "duration": 0,
    "pid": 26674,
    "index": 16
  },
  {
    "name": "Require(14) node_modules/_egg@1.19.0@egg/config/config.default.js",
    "start": 1564070380991,
    "end": 1564070380991,
    "duration": 0,
    "pid": 26674,
    "index": 17
  },
  {
    "name": "Require(15) config/config.default.js",
    "start": 1564070380992,
    "end": 1564070380992,
    "duration": 0,
    "pid": 26674,
    "index": 18
  },
  {
    "name": "Require(16) node_modules/_egg-security@1.13.2@egg-security/config/config.local.js",
    "start": 1564070380993,
    "end": 1564070380993,
    "duration": 0,
    "pid": 26674,
    "index": 19
  },
  {
    "name": "Require(17) node_modules/_egg-watcher@2.2.0@egg-watcher/config/config.local.js",
    "start": 1564070380994,
    "end": 1564070380994,
    "duration": 0,
    "pid": 26674,
    "index": 20
  },
  {
    "name": "Require(18) node_modules/_egg-view@1.2.0@egg-view/config/config.local.js",
    "start": 1564070380994,
    "end": 1564070380994,
    "duration": 0,
    "pid": 26674,
    "index": 21
  },
  {
    "name": "Require(19) node_modules/_egg@1.19.0@egg/config/config.local.js",
    "start": 1564070380995,
    "end": 1564070380995,
    "duration": 0,
    "pid": 26674,
    "index": 22
  },
  {
    "name": "Load extend/application.js",
    "start": 1564070380997,
    "end": 1564070381001,
    "duration": 4,
    "pid": 26674,
    "index": 23
  },
  {
    "name": "Require(20) node_modules/_egg-session@2.2.0@egg-session/app/extend/application.js",
    "start": 1564070380997,
    "end": 1564070380998,
    "duration": 1,
    "pid": 26674,
    "index": 24
  },
  {
    "name": "Require(21) node_modules/_egg-security@1.13.2@egg-security/app/extend/application.js",
    "start": 1564070380998,
    "end": 1564070380999,
    "duration": 1,
    "pid": 26674,
    "index": 25
  },
  {
    "name": "Require(22) node_modules/_egg-jsonp@1.2.2@egg-jsonp/app/extend/application.js",
    "start": 1564070380999,
    "end": 1564070381000,
    "duration": 1,
    "pid": 26674,
    "index": 26
  },
  {
    "name": "Require(23) node_modules/_egg-logrotator@2.3.3@egg-logrotator/app/extend/application.js",
    "start": 1564070381000,
    "end": 1564070381000,
    "duration": 0,
    "pid": 26674,
    "index": 27
  },
  {
    "name": "Require(24) node_modules/_egg-view@1.2.0@egg-view/app/extend/application.js",
    "start": 1564070381001,
    "end": 1564070381001,
    "duration": 0,
    "pid": 26674,
    "index": 28
  },
  {
    "name": "Load extend/request.js",
    "start": 1564070381002,
    "end": 1564070381003,
    "duration": 1,
    "pid": 26674,
    "index": 29
  },
  {
    "name": "Require(25) node_modules/_egg@1.19.0@egg/app/extend/request.js",
    "start": 1564070381002,
    "end": 1564070381002,
    "duration": 0,
    "pid": 26674,
    "index": 30
  },
  {
    "name": "Load extend/response.js",
    "start": 1564070381003,
    "end": 1564070381004,
    "duration": 1,
    "pid": 26674,
    "index": 31
  },
  {
    "name": "Require(26) node_modules/_egg@1.19.0@egg/app/extend/response.js",
    "start": 1564070381003,
    "end": 1564070381004,
    "duration": 1,
    "pid": 26674,
    "index": 32
  },
  {
    "name": "Load extend/context.js",
    "start": 1564070381004,
    "end": 1564070381047,
    "duration": 43,
    "pid": 26674,
    "index": 33
  },
  {
    "name": "Require(27) node_modules/_egg-security@1.13.2@egg-security/app/extend/context.js",
    "start": 1564070381004,
    "end": 1564070381009,
    "duration": 5,
    "pid": 26674,
    "index": 34
  },
  {
    "name": "Require(28) node_modules/_egg-jsonp@1.2.2@egg-jsonp/app/extend/context.js",
    "start": 1564070381009,
    "end": 1564070381011,
    "duration": 2,
    "pid": 26674,
    "index": 35
  },
  {
    "name": "Require(29) node_modules/_egg-i18n@1.2.0@egg-i18n/app/extend/context.js",
    "start": 1564070381011,
    "end": 1564070381011,
    "duration": 0,
    "pid": 26674,
    "index": 36
  },
  {
    "name": "Require(30) node_modules/_egg-multipart@1.5.1@egg-multipart/app/extend/context.js",
    "start": 1564070381011,
    "end": 1564070381042,
    "duration": 31,
    "pid": 26674,
    "index": 37
  },
  {
    "name": "Require(31) node_modules/_egg-view@1.2.0@egg-view/app/extend/context.js",
    "start": 1564070381042,
    "end": 1564070381043,
    "duration": 1,
    "pid": 26674,
    "index": 38
  },
  {
    "name": "Require(32) node_modules/_egg-validate@1.1.1@egg-validate/app/extend/context.js",
    "start": 1564070381043,
    "end": 1564070381043,
    "duration": 0,
    "pid": 26674,
    "index": 39
  },
  {
    "name": "Require(33) node_modules/_egg@1.19.0@egg/app/extend/context.js",
    "start": 1564070381044,
    "end": 1564070381045,
    "duration": 1,
    "pid": 26674,
    "index": 40
  },
  {
    "name": "Load extend/helper.js",
    "start": 1564070381047,
    "end": 1564070381055,
    "duration": 8,
    "pid": 26674,
    "index": 41
  },
  {
    "name": "Require(34) node_modules/_egg-security@1.13.2@egg-security/app/extend/helper.js",
    "start": 1564070381047,
    "end": 1564070381054,
    "duration": 7,
    "pid": 26674,
    "index": 42
  },
  {
    "name": "Require(35) node_modules/_egg@1.19.0@egg/app/extend/helper.js",
    "start": 1564070381055,
    "end": 1564070381055,
    "duration": 0,
    "pid": 26674,
    "index": 43
  },
  {
    "name": "Load app.js",
    "start": 1564070381055,
    "end": 1564070381156,
    "duration": 101,
    "pid": 26674,
    "index": 44
  },
  {
    "name": "Require(36) node_modules/_egg-session@2.2.0@egg-session/app.js",
    "start": 1564070381055,
    "end": 1564070381056,
    "duration": 1,
    "pid": 26674,
    "index": 45
  },
  {
    "name": "Require(37) node_modules/_egg-security@1.13.2@egg-security/app.js",
    "start": 1564070381056,
    "end": 1564070381056,
    "duration": 0,
    "pid": 26674,
    "index": 46
  },
  {
    "name": "Require(38) node_modules/_egg-onerror@1.6.0@egg-onerror/app.js",
    "start": 1564070381058,
    "end": 1564070381065,
    "duration": 7,
    "pid": 26674,
    "index": 47
  },
  {
    "name": "Require(39) node_modules/_egg-i18n@1.2.0@egg-i18n/app.js",
    "start": 1564070381065,
    "end": 1564070381068,
    "duration": 3,
    "pid": 26674,
    "index": 48
  },
  {
    "name": "Require(40) node_modules/_egg-watcher@2.2.0@egg-watcher/app.js",
    "start": 1564070381070,
    "end": 1564070381071,
    "duration": 1,
    "pid": 26674,
    "index": 49
  },
  {
    "name": "Before Start in node_modules/_egg-watcher@2.2.0@egg-watcher/app.js:15:7",
    "start": 1564070381081,
    "end": 1564070381515,
    "duration": 434,
    "pid": 26674,
    "index": 50
  },
  {
    "name": "Require(41) node_modules/_egg-multipart@1.5.1@egg-multipart/app.js",
    "start": 1564070381082,
    "end": 1564070381083,
    "duration": 1,
    "pid": 26674,
    "index": 51
  },
  {
    "name": "Require(42) node_modules/_egg-development@1.4.2@egg-development/app.js",
    "start": 1564070381084,
    "end": 1564070381086,
    "duration": 2,
    "pid": 26674,
    "index": 52
  },
  {
    "name": "Before Start in node_modules/_egg-development@1.4.2@egg-development/app.js:12:7",
    "start": 1564070381086,
    "end": 1564070381510,
    "duration": 424,
    "pid": 26674,
    "index": 53
  },
  {
    "name": "Require(43) node_modules/_egg-schedule@2.6.0@egg-schedule/app.js",
    "start": 1564070381087,
    "end": 1564070381087,
    "duration": 0,
    "pid": 26674,
    "index": 54
  },
  {
    "name": "Require(44) node_modules/_egg-logrotator@2.3.3@egg-logrotator/app.js",
    "start": 1564070381117,
    "end": 1564070381117,
    "duration": 0,
    "pid": 26674,
    "index": 55
  },
  {
    "name": "Require(45) node_modules/_egg-static@1.5.1@egg-static/app.js",
    "start": 1564070381118,
    "end": 1564070381118,
    "duration": 0,
    "pid": 26674,
    "index": 56
  },
  {
    "name": "Require(46) node_modules/_egg-validate@1.1.1@egg-validate/app.js",
    "start": 1564070381118,
    "end": 1564070381119,
    "duration": 1,
    "pid": 26674,
    "index": 57
  },
  {
    "name": "Require(47) node_modules/_egg-mysql@3.0.0@egg-mysql/app.js",
    "start": 1564070381119,
    "end": 1564070381124,
    "duration": 5,
    "pid": 26674,
    "index": 58
  },
  {
    "name": "Before Start in node_modules/_egg-mysql@3.0.0@egg-mysql/lib/mysql.js:20:7",
    "start": 1564070381156,
    "end": 1564070381553,
    "duration": 397,
    "pid": 26674,
    "index": 59
  },
  {
    "name": "Require(48) node_modules/_egg-cors@2.2.0@egg-cors/app.js",
    "start": 1564070381156,
    "end": 1564070381156,
    "duration": 0,
    "pid": 26674,
    "index": 60
  },
  {
    "name": "Load Service",
    "start": 1564070381156,
    "end": 1564070381160,
    "duration": 4,
    "pid": 26674,
    "index": 61
  },
  {
    "name": "Load \"service\" to Context",
    "start": 1564070381156,
    "end": 1564070381160,
    "duration": 4,
    "pid": 26674,
    "index": 62
  },
  {
    "name": "Load Middleware",
    "start": 1564070381160,
    "end": 1564070381197,
    "duration": 37,
    "pid": 26674,
    "index": 63
  },
  {
    "name": "Load \"middlewares\" to Application",
    "start": 1564070381161,
    "end": 1564070381189,
    "duration": 28,
    "pid": 26674,
    "index": 64
  },
  {
    "name": "Load Controller",
    "start": 1564070381197,
    "end": 1564070381491,
    "duration": 294,
    "pid": 26674,
    "index": 65
  },
  {
    "name": "Load \"controller\" to Application",
    "start": 1564070381197,
    "end": 1564070381491,
    "duration": 294,
    "pid": 26674,
    "index": 66
  },
  {
    "name": "Load Router",
    "start": 1564070381491,
    "end": 1564070381493,
    "duration": 2,
    "pid": 26674,
    "index": 67
  },
  {
    "name": "Require(49) app/router.js",
    "start": 1564070381491,
    "end": 1564070381491,
    "duration": 0,
    "pid": 26674,
    "index": 68
  },
  {
    "name": "Before Start in node_modules/_egg-core@3.21.4@egg-core/lib/egg.js:330:10",
    "start": 1564070381492,
    "end": 1564070381505,
    "duration": 13,
    "pid": 26674,
    "index": 69
  }
]