[
  {
    "name": "Application Start",
    "start": 1564070512351,
    "end": 1564070513330,
    "duration": 979,
    "pid": 26737,
    "index": 0
  },
  {
    "name": "Load Plugin",
    "start": 1564070512357,
    "end": 1564070512376,
    "duration": 19,
    "pid": 26737,
    "index": 1
  },
  {
    "name": "Load Config",
    "start": 1564070512376,
    "end": 1564070512401,
    "duration": 25,
    "pid": 26737,
    "index": 2
  },
  {
    "name": "Require(0) config/config.default.js",
    "start": 1564070512377,
    "end": 1564070512378,
    "duration": 1,
    "pid": 26737,
    "index": 3
  },
  {
    "name": "Require(1) node_modules/_egg-session@2.2.0@egg-session/config/config.default.js",
    "start": 1564070512379,
    "end": 1564070512380,
    "duration": 1,
    "pid": 26737,
    "index": 4
  },
  {
    "name": "Require(2) node_modules/_egg-security@1.13.2@egg-security/config/config.default.js",
    "start": 1564070512380,
    "end": 1564070512381,
    "duration": 1,
    "pid": 26737,
    "index": 5
  },
  {
    "name": "Require(3) node_modules/_egg-jsonp@1.2.2@egg-jsonp/config/config.default.js",
    "start": 1564070512382,
    "end": 1564070512383,
    "duration": 1,
    "pid": 26737,
    "index": 6
  },
  {
    "name": "Require(4) node_modules/_egg-onerror@1.6.0@egg-onerror/config/config.default.js",
    "start": 1564070512383,
    "end": 1564070512384,
    "duration": 1,
    "pid": 26737,
    "index": 7
  },
  {
    "name": "Require(5) node_modules/_egg-i18n@1.2.0@egg-i18n/config/config.default.js",
    "start": 1564070512384,
    "end": 1564070512385,
    "duration": 1,
    "pid": 26737,
    "index": 8
  },
  {
    "name": "Require(6) node_modules/_egg-watcher@2.2.0@egg-watcher/config/config.default.js",
    "start": 1564070512385,
    "end": 1564070512385,
    "duration": 0,
    "pid": 26737,
    "index": 9
  },
  {
    "name": "Require(7) node_modules/_egg-multipart@1.5.1@egg-multipart/config/config.default.js",
    "start": 1564070512385,
    "end": 1564070512386,
    "duration": 1,
    "pid": 26737,
    "index": 10
  },
  {
    "name": "Require(8) node_modules/_egg-development@1.4.2@egg-development/config/config.default.js",
    "start": 1564070512387,
    "end": 1564070512387,
    "duration": 0,
    "pid": 26737,
    "index": 11
  },
  {
    "name": "Require(9) node_modules/_egg-logrotator@2.3.3@egg-logrotator/config/config.default.js",
    "start": 1564070512388,
    "end": 1564070512389,
    "duration": 1,
    "pid": 26737,
    "index": 12
  },
  {
    "name": "Require(10) node_modules/_egg-static@1.5.1@egg-static/config/config.default.js",
    "start": 1564070512389,
    "end": 1564070512390,
    "duration": 1,
    "pid": 26737,
    "index": 13
  },
  {
    "name": "Require(11) node_modules/_egg-view@1.2.0@egg-view/config/config.default.js",
    "start": 1564070512390,
    "end": 1564070512391,
    "duration": 1,
    "pid": 26737,
    "index": 14
  },
  {
    "name": "Require(12) node_modules/_egg-mysql@3.0.0@egg-mysql/config/config.default.js",
    "start": 1564070512391,
    "end": 1564070512392,
    "duration": 1,
    "pid": 26737,
    "index": 15
  },
  {
    "name": "Require(13) node_modules/_egg-cors@2.2.0@egg-cors/config/config.default.js",
    "start": 1564070512392,
    "end": 1564070512393,
    "duration": 1,
    "pid": 26737,
    "index": 16
  },
  {
    "name": "Require(14) node_modules/_egg@1.19.0@egg/config/config.default.js",
    "start": 1564070512393,
    "end": 1564070512394,
    "duration": 1,
    "pid": 26737,
    "index": 17
  },
  {
    "name": "Require(15) config/config.default.js",
    "start": 1564070512396,
    "end": 1564070512396,
    "duration": 0,
    "pid": 26737,
    "index": 18
  },
  {
    "name": "Require(16) node_modules/_egg-security@1.13.2@egg-security/config/config.local.js",
    "start": 1564070512396,
    "end": 1564070512397,
    "duration": 1,
    "pid": 26737,
    "index": 19
  },
  {
    "name": "Require(17) node_modules/_egg-watcher@2.2.0@egg-watcher/config/config.local.js",
    "start": 1564070512397,
    "end": 1564070512398,
    "duration": 1,
    "pid": 26737,
    "index": 20
  },
  {
    "name": "Require(18) node_modules/_egg-view@1.2.0@egg-view/config/config.local.js",
    "start": 1564070512398,
    "end": 1564070512399,
    "duration": 1,
    "pid": 26737,
    "index": 21
  },
  {
    "name": "Require(19) node_modules/_egg@1.19.0@egg/config/config.local.js",
    "start": 1564070512400,
    "end": 1564070512400,
    "duration": 0,
    "pid": 26737,
    "index": 22
  },
  {
    "name": "Load extend/application.js",
    "start": 1564070512402,
    "end": 1564070512413,
    "duration": 11,
    "pid": 26737,
    "index": 23
  },
  {
    "name": "Require(20) node_modules/_egg-session@2.2.0@egg-session/app/extend/application.js",
    "start": 1564070512403,
    "end": 1564070512404,
    "duration": 1,
    "pid": 26737,
    "index": 24
  },
  {
    "name": "Require(21) node_modules/_egg-security@1.13.2@egg-security/app/extend/application.js",
    "start": 1564070512404,
    "end": 1564070512406,
    "duration": 2,
    "pid": 26737,
    "index": 25
  },
  {
    "name": "Require(22) node_modules/_egg-jsonp@1.2.2@egg-jsonp/app/extend/application.js",
    "start": 1564070512406,
    "end": 1564070512408,
    "duration": 2,
    "pid": 26737,
    "index": 26
  },
  {
    "name": "Require(23) node_modules/_egg-logrotator@2.3.3@egg-logrotator/app/extend/application.js",
    "start": 1564070512409,
    "end": 1564070512411,
    "duration": 2,
    "pid": 26737,
    "index": 27
  },
  {
    "name": "Require(24) node_modules/_egg-view@1.2.0@egg-view/app/extend/application.js",
    "start": 1564070512411,
    "end": 1564070512413,
    "duration": 2,
    "pid": 26737,
    "index": 28
  },
  {
    "name": "Load extend/request.js",
    "start": 1564070512413,
    "end": 1564070512416,
    "duration": 3,
    "pid": 26737,
    "index": 29
  },
  {
    "name": "Require(25) node_modules/_egg@1.19.0@egg/app/extend/request.js",
    "start": 1564070512414,
    "end": 1564070512416,
    "duration": 2,
    "pid": 26737,
    "index": 30
  },
  {
    "name": "Load extend/response.js",
    "start": 1564070512416,
    "end": 1564070512419,
    "duration": 3,
    "pid": 26737,
    "index": 31
  },
  {
    "name": "Require(26) node_modules/_egg@1.19.0@egg/app/extend/response.js",
    "start": 1564070512417,
    "end": 1564070512419,
    "duration": 2,
    "pid": 26737,
    "index": 32
  },
  {
    "name": "Load extend/context.js",
    "start": 1564070512419,
    "end": 1564070512480,
    "duration": 61,
    "pid": 26737,
    "index": 33
  },
  {
    "name": "Require(27) node_modules/_egg-security@1.13.2@egg-security/app/extend/context.js",
    "start": 1564070512419,
    "end": 1564070512433,
    "duration": 14,
    "pid": 26737,
    "index": 34
  },
  {
    "name": "Require(28) node_modules/_egg-jsonp@1.2.2@egg-jsonp/app/extend/context.js",
    "start": 1564070512433,
    "end": 1564070512435,
    "duration": 2,
    "pid": 26737,
    "index": 35
  },
  {
    "name": "Require(29) node_modules/_egg-i18n@1.2.0@egg-i18n/app/extend/context.js",
    "start": 1564070512435,
    "end": 1564070512436,
    "duration": 1,
    "pid": 26737,
    "index": 36
  },
  {
    "name": "Require(30) node_modules/_egg-multipart@1.5.1@egg-multipart/app/extend/context.js",
    "start": 1564070512436,
    "end": 1564070512475,
    "duration": 39,
    "pid": 26737,
    "index": 37
  },
  {
    "name": "Require(31) node_modules/_egg-view@1.2.0@egg-view/app/extend/context.js",
    "start": 1564070512475,
    "end": 1564070512477,
    "duration": 2,
    "pid": 26737,
    "index": 38
  },
  {
    "name": "Require(32) node_modules/_egg-validate@1.1.1@egg-validate/app/extend/context.js",
    "start": 1564070512477,
    "end": 1564070512478,
    "duration": 1,
    "pid": 26737,
    "index": 39
  },
  {
    "name": "Require(33) node_modules/_egg@1.19.0@egg/app/extend/context.js",
    "start": 1564070512478,
    "end": 1564070512479,
    "duration": 1,
    "pid": 26737,
    "index": 40
  },
  {
    "name": "Load extend/helper.js",
    "start": 1564070512480,
    "end": 1564070512511,
    "duration": 31,
    "pid": 26737,
    "index": 41
  },
  {
    "name": "Require(34) node_modules/_egg-security@1.13.2@egg-security/app/extend/helper.js",
    "start": 1564070512480,
    "end": 1564070512509,
    "duration": 29,
    "pid": 26737,
    "index": 42
  },
  {
    "name": "Require(35) node_modules/_egg@1.19.0@egg/app/extend/helper.js",
    "start": 1564070512509,
    "end": 1564070512510,
    "duration": 1,
    "pid": 26737,
    "index": 43
  },
  {
    "name": "Load app.js",
    "start": 1564070512511,
    "end": 1564070512712,
    "duration": 201,
    "pid": 26737,
    "index": 44
  },
  {
    "name": "Require(36) node_modules/_egg-session@2.2.0@egg-session/app.js",
    "start": 1564070512511,
    "end": 1564070512512,
    "duration": 1,
    "pid": 26737,
    "index": 45
  },
  {
    "name": "Require(37) node_modules/_egg-security@1.13.2@egg-security/app.js",
    "start": 1564070512512,
    "end": 1564070512518,
    "duration": 6,
    "pid": 26737,
    "index": 46
  },
  {
    "name": "Require(38) node_modules/_egg-onerror@1.6.0@egg-onerror/app.js",
    "start": 1564070512521,
    "end": 1564070512533,
    "duration": 12,
    "pid": 26737,
    "index": 47
  },
  {
    "name": "Require(39) node_modules/_egg-i18n@1.2.0@egg-i18n/app.js",
    "start": 1564070512534,
    "end": 1564070512541,
    "duration": 7,
    "pid": 26737,
    "index": 48
  },
  {
    "name": "Require(40) node_modules/_egg-watcher@2.2.0@egg-watcher/app.js",
    "start": 1564070512542,
    "end": 1564070512546,
    "duration": 4,
    "pid": 26737,
    "index": 49
  },
  {
    "name": "Before Start in node_modules/_egg-watcher@2.2.0@egg-watcher/app.js:15:7",
    "start": 1564070512556,
    "end": 1564070513294,
    "duration": 738,
    "pid": 26737,
    "index": 50
  },
  {
    "name": "Require(41) node_modules/_egg-multipart@1.5.1@egg-multipart/app.js",
    "start": 1564070512558,
    "end": 1564070512562,
    "duration": 4,
    "pid": 26737,
    "index": 51
  },
  {
    "name": "Require(42) node_modules/_egg-development@1.4.2@egg-development/app.js",
    "start": 1564070512563,
    "end": 1564070512564,
    "duration": 1,
    "pid": 26737,
    "index": 52
  },
  {
    "name": "Before Start in node_modules/_egg-development@1.4.2@egg-development/app.js:12:7",
    "start": 1564070512564,
    "end": 1564070513294,
    "duration": 730,
    "pid": 26737,
    "index": 53
  },
  {
    "name": "Require(43) node_modules/_egg-schedule@2.6.0@egg-schedule/app.js",
    "start": 1564070512564,
    "end": 1564070512566,
    "duration": 2,
    "pid": 26737,
    "index": 54
  },
  {
    "name": "Require(44) node_modules/_egg-logrotator@2.3.3@egg-logrotator/app.js",
    "start": 1564070512603,
    "end": 1564070512604,
    "duration": 1,
    "pid": 26737,
    "index": 55
  },
  {
    "name": "Require(45) node_modules/_egg-static@1.5.1@egg-static/app.js",
    "start": 1564070512604,
    "end": 1564070512605,
    "duration": 1,
    "pid": 26737,
    "index": 56
  },
  {
    "name": "Require(46) node_modules/_egg-validate@1.1.1@egg-validate/app.js",
    "start": 1564070512605,
    "end": 1564070512608,
    "duration": 3,
    "pid": 26737,
    "index": 57
  },
  {
    "name": "Require(47) node_modules/_egg-mysql@3.0.0@egg-mysql/app.js",
    "start": 1564070512608,
    "end": 1564070512625,
    "duration": 17,
    "pid": 26737,
    "index": 58
  },
  {
    "name": "Before Start in node_modules/_egg-mysql@3.0.0@egg-mysql/lib/mysql.js:20:7",
    "start": 1564070512711,
    "end": 1564070513329,
    "duration": 618,
    "pid": 26737,
    "index": 59
  },
  {
    "name": "Require(48) node_modules/_egg-cors@2.2.0@egg-cors/app.js",
    "start": 1564070512711,
    "end": 1564070512712,
    "duration": 1,
    "pid": 26737,
    "index": 60
  },
  {
    "name": "Load Service",
    "start": 1564070512712,
    "end": 1564070512715,
    "duration": 3,
    "pid": 26737,
    "index": 61
  },
  {
    "name": "Load \"service\" to Context",
    "start": 1564070512712,
    "end": 1564070512715,
    "duration": 3,
    "pid": 26737,
    "index": 62
  },
  {
    "name": "Load Middleware",
    "start": 1564070512716,
    "end": 1564070512813,
    "duration": 97,
    "pid": 26737,
    "index": 63
  },
  {
    "name": "Load \"middlewares\" to Application",
    "start": 1564070512717,
    "end": 1564070512801,
    "duration": 84,
    "pid": 26737,
    "index": 64
  },
  {
    "name": "Load Controller",
    "start": 1564070512813,
    "end": 1564070513259,
    "duration": 446,
    "pid": 26737,
    "index": 65
  },
  {
    "name": "Load \"controller\" to Application",
    "start": 1564070512813,
    "end": 1564070513259,
    "duration": 446,
    "pid": 26737,
    "index": 66
  },
  {
    "name": "Load Router",
    "start": 1564070513259,
    "end": 1564070513266,
    "duration": 7,
    "pid": 26737,
    "index": 67
  },
  {
    "name": "Require(49) app/router.js",
    "start": 1564070513259,
    "end": 1564070513262,
    "duration": 3,
    "pid": 26737,
    "index": 68
  },
  {
    "name": "Before Start in node_modules/_egg-core@3.21.4@egg-core/lib/egg.js:330:10",
    "start": 1564070513262,
    "end": 1564070513282,
    "duration": 20,
    "pid": 26737,
    "index": 69
  }
]