[
  {
    "name": "Application Start",
    "start": 1564106763343,
    "end": 1564106764694,
    "duration": 1351,
    "pid": 27924,
    "index": 0
  },
  {
    "name": "Load Plugin",
    "start": 1564106763359,
    "end": 1564106763376,
    "duration": 17,
    "pid": 27924,
    "index": 1
  },
  {
    "name": "Load Config",
    "start": 1564106763376,
    "end": 1564106763390,
    "duration": 14,
    "pid": 27924,
    "index": 2
  },
  {
    "name": "Require(0) config/config.default.js",
    "start": 1564106763376,
    "end": 1564106763377,
    "duration": 1,
    "pid": 27924,
    "index": 3
  },
  {
    "name": "Require(1) node_modules/_egg-session@2.2.0@egg-session/config/config.default.js",
    "start": 1564106763378,
    "end": 1564106763382,
    "duration": 4,
    "pid": 27924,
    "index": 4
  },
  {
    "name": "Require(2) node_modules/_egg-security@1.13.2@egg-security/config/config.default.js",
    "start": 1564106763382,
    "end": 1564106763382,
    "duration": 0,
    "pid": 27924,
    "index": 5
  },
  {
    "name": "Require(3) node_modules/_egg-jsonp@1.2.2@egg-jsonp/config/config.default.js",
    "start": 1564106763383,
    "end": 1564106763384,
    "duration": 1,
    "pid": 27924,
    "index": 6
  },
  {
    "name": "Require(4) node_modules/_egg-onerror@1.6.0@egg-onerror/config/config.default.js",
    "start": 1564106763384,
    "end": 1564106763384,
    "duration": 0,
    "pid": 27924,
    "index": 7
  },
  {
    "name": "Require(5) node_modules/_egg-i18n@1.2.0@egg-i18n/config/config.default.js",
    "start": 1564106763384,
    "end": 1564106763384,
    "duration": 0,
    "pid": 27924,
    "index": 8
  },
  {
    "name": "Require(6) node_modules/_egg-watcher@2.2.0@egg-watcher/config/config.default.js",
    "start": 1564106763384,
    "end": 1564106763385,
    "duration": 1,
    "pid": 27924,
    "index": 9
  },
  {
    "name": "Require(7) node_modules/_egg-multipart@1.5.1@egg-multipart/config/config.default.js",
    "start": 1564106763385,
    "end": 1564106763385,
    "duration": 0,
    "pid": 27924,
    "index": 10
  },
  {
    "name": "Require(8) node_modules/_egg-logrotator@2.3.3@egg-logrotator/config/config.default.js",
    "start": 1564106763385,
    "end": 1564106763385,
    "duration": 0,
    "pid": 27924,
    "index": 11
  },
  {
    "name": "Require(9) node_modules/_egg-static@1.5.1@egg-static/config/config.default.js",
    "start": 1564106763386,
    "end": 1564106763386,
    "duration": 0,
    "pid": 27924,
    "index": 12
  },
  {
    "name": "Require(10) node_modules/_egg-view@1.2.0@egg-view/config/config.default.js",
    "start": 1564106763386,
    "end": 1564106763386,
    "duration": 0,
    "pid": 27924,
    "index": 13
  },
  {
    "name": "Require(11) node_modules/_egg-mysql@3.0.0@egg-mysql/config/config.default.js",
    "start": 1564106763387,
    "end": 1564106763387,
    "duration": 0,
    "pid": 27924,
    "index": 14
  },
  {
    "name": "Require(12) node_modules/_egg-cors@2.2.0@egg-cors/config/config.default.js",
    "start": 1564106763387,
    "end": 1564106763387,
    "duration": 0,
    "pid": 27924,
    "index": 15
  },
  {
    "name": "Require(13) node_modules/_egg@1.19.0@egg/config/config.default.js",
    "start": 1564106763387,
    "end": 1564106763388,
    "duration": 1,
    "pid": 27924,
    "index": 16
  },
  {
    "name": "Require(14) config/config.default.js",
    "start": 1564106763389,
    "end": 1564106763389,
    "duration": 0,
    "pid": 27924,
    "index": 17
  },
  {
    "name": "Require(15) node_modules/_egg-static@1.5.1@egg-static/config/config.prod.js",
    "start": 1564106763389,
    "end": 1564106763390,
    "duration": 1,
    "pid": 27924,
    "index": 18
  },
  {
    "name": "Load extend/application.js",
    "start": 1564106763391,
    "end": 1564106763398,
    "duration": 7,
    "pid": 27924,
    "index": 19
  },
  {
    "name": "Require(16) node_modules/_egg-session@2.2.0@egg-session/app/extend/application.js",
    "start": 1564106763391,
    "end": 1564106763392,
    "duration": 1,
    "pid": 27924,
    "index": 20
  },
  {
    "name": "Require(17) node_modules/_egg-security@1.13.2@egg-security/app/extend/application.js",
    "start": 1564106763392,
    "end": 1564106763392,
    "duration": 0,
    "pid": 27924,
    "index": 21
  },
  {
    "name": "Require(18) node_modules/_egg-jsonp@1.2.2@egg-jsonp/app/extend/application.js",
    "start": 1564106763392,
    "end": 1564106763395,
    "duration": 3,
    "pid": 27924,
    "index": 22
  },
  {
    "name": "Require(19) node_modules/_egg-logrotator@2.3.3@egg-logrotator/app/extend/application.js",
    "start": 1564106763396,
    "end": 1564106763397,
    "duration": 1,
    "pid": 27924,
    "index": 23
  },
  {
    "name": "Require(20) node_modules/_egg-view@1.2.0@egg-view/app/extend/application.js",
    "start": 1564106763397,
    "end": 1564106763397,
    "duration": 0,
    "pid": 27924,
    "index": 24
  },
  {
    "name": "Load extend/request.js",
    "start": 1564106763398,
    "end": 1564106763400,
    "duration": 2,
    "pid": 27924,
    "index": 25
  },
  {
    "name": "Require(21) node_modules/_egg@1.19.0@egg/app/extend/request.js",
    "start": 1564106763399,
    "end": 1564106763400,
    "duration": 1,
    "pid": 27924,
    "index": 26
  },
  {
    "name": "Load extend/response.js",
    "start": 1564106763400,
    "end": 1564106763402,
    "duration": 2,
    "pid": 27924,
    "index": 27
  },
  {
    "name": "Require(22) node_modules/_egg@1.19.0@egg/app/extend/response.js",
    "start": 1564106763401,
    "end": 1564106763402,
    "duration": 1,
    "pid": 27924,
    "index": 28
  },
  {
    "name": "Load extend/context.js",
    "start": 1564106763402,
    "end": 1564106763486,
    "duration": 84,
    "pid": 27924,
    "index": 29
  },
  {
    "name": "Require(23) node_modules/_egg-security@1.13.2@egg-security/app/extend/context.js",
    "start": 1564106763403,
    "end": 1564106763407,
    "duration": 4,
    "pid": 27924,
    "index": 30
  },
  {
    "name": "Require(24) node_modules/_egg-jsonp@1.2.2@egg-jsonp/app/extend/context.js",
    "start": 1564106763407,
    "end": 1564106763408,
    "duration": 1,
    "pid": 27924,
    "index": 31
  },
  {
    "name": "Require(25) node_modules/_egg-i18n@1.2.0@egg-i18n/app/extend/context.js",
    "start": 1564106763408,
    "end": 1564106763409,
    "duration": 1,
    "pid": 27924,
    "index": 32
  },
  {
    "name": "Require(26) node_modules/_egg-multipart@1.5.1@egg-multipart/app/extend/context.js",
    "start": 1564106763409,
    "end": 1564106763483,
    "duration": 74,
    "pid": 27924,
    "index": 33
  },
  {
    "name": "Require(27) node_modules/_egg-view@1.2.0@egg-view/app/extend/context.js",
    "start": 1564106763483,
    "end": 1564106763484,
    "duration": 1,
    "pid": 27924,
    "index": 34
  },
  {
    "name": "Require(28) node_modules/_egg-validate@1.1.1@egg-validate/app/extend/context.js",
    "start": 1564106763484,
    "end": 1564106763484,
    "duration": 0,
    "pid": 27924,
    "index": 35
  },
  {
    "name": "Require(29) node_modules/_egg@1.19.0@egg/app/extend/context.js",
    "start": 1564106763485,
    "end": 1564106763486,
    "duration": 1,
    "pid": 27924,
    "index": 36
  },
  {
    "name": "Load extend/helper.js",
    "start": 1564106763487,
    "end": 1564106763510,
    "duration": 23,
    "pid": 27924,
    "index": 37
  },
  {
    "name": "Require(30) node_modules/_egg-security@1.13.2@egg-security/app/extend/helper.js",
    "start": 1564106763487,
    "end": 1564106763500,
    "duration": 13,
    "pid": 27924,
    "index": 38
  },
  {
    "name": "Require(31) node_modules/_egg@1.19.0@egg/app/extend/helper.js",
    "start": 1564106763501,
    "end": 1564106763501,
    "duration": 0,
    "pid": 27924,
    "index": 39
  },
  {
    "name": "Load app.js",
    "start": 1564106763510,
    "end": 1564106763750,
    "duration": 240,
    "pid": 27924,
    "index": 40
  },
  {
    "name": "Require(32) node_modules/_egg-session@2.2.0@egg-session/app.js",
    "start": 1564106763510,
    "end": 1564106763510,
    "duration": 0,
    "pid": 27924,
    "index": 41
  },
  {
    "name": "Require(33) node_modules/_egg-security@1.13.2@egg-security/app.js",
    "start": 1564106763510,
    "end": 1564106763511,
    "duration": 1,
    "pid": 27924,
    "index": 42
  },
  {
    "name": "Require(34) node_modules/_egg-onerror@1.6.0@egg-onerror/app.js",
    "start": 1564106763512,
    "end": 1564106763518,
    "duration": 6,
    "pid": 27924,
    "index": 43
  },
  {
    "name": "Require(35) node_modules/_egg-i18n@1.2.0@egg-i18n/app.js",
    "start": 1564106763518,
    "end": 1564106763523,
    "duration": 5,
    "pid": 27924,
    "index": 44
  },
  {
    "name": "Require(36) node_modules/_egg-watcher@2.2.0@egg-watcher/app.js",
    "start": 1564106763525,
    "end": 1564106763527,
    "duration": 2,
    "pid": 27924,
    "index": 45
  },
  {
    "name": "Before Start in node_modules/_egg-watcher@2.2.0@egg-watcher/app.js:15:7",
    "start": 1564106763548,
    "end": 1564106764439,
    "duration": 891,
    "pid": 27924,
    "index": 46
  },
  {
    "name": "Require(37) node_modules/_egg-multipart@1.5.1@egg-multipart/app.js",
    "start": 1564106763549,
    "end": 1564106763553,
    "duration": 4,
    "pid": 27924,
    "index": 47
  },
  {
    "name": "Require(38) node_modules/_egg-schedule@2.6.0@egg-schedule/app.js",
    "start": 1564106763554,
    "end": 1564106763555,
    "duration": 1,
    "pid": 27924,
    "index": 48
  },
  {
    "name": "Require(39) node_modules/_egg-logrotator@2.3.3@egg-logrotator/app.js",
    "start": 1564106763642,
    "end": 1564106763642,
    "duration": 0,
    "pid": 27924,
    "index": 49
  },
  {
    "name": "Require(40) node_modules/_egg-static@1.5.1@egg-static/app.js",
    "start": 1564106763643,
    "end": 1564106763643,
    "duration": 0,
    "pid": 27924,
    "index": 50
  },
  {
    "name": "Require(41) node_modules/_egg-validate@1.1.1@egg-validate/app.js",
    "start": 1564106763643,
    "end": 1564106763653,
    "duration": 10,
    "pid": 27924,
    "index": 51
  },
  {
    "name": "Require(42) node_modules/_egg-mysql@3.0.0@egg-mysql/app.js",
    "start": 1564106763653,
    "end": 1564106763681,
    "duration": 28,
    "pid": 27924,
    "index": 52
  },
  {
    "name": "Before Start in node_modules/_egg-mysql@3.0.0@egg-mysql/lib/mysql.js:20:7",
    "start": 1564106763750,
    "end": 1564106764692,
    "duration": 942,
    "pid": 27924,
    "index": 53
  },
  {
    "name": "Require(43) node_modules/_egg-cors@2.2.0@egg-cors/app.js",
    "start": 1564106763750,
    "end": 1564106763750,
    "duration": 0,
    "pid": 27924,
    "index": 54
  },
  {
    "name": "Load Service",
    "start": 1564106763750,
    "end": 1564106763754,
    "duration": 4,
    "pid": 27924,
    "index": 55
  },
  {
    "name": "Load \"service\" to Context",
    "start": 1564106763750,
    "end": 1564106763754,
    "duration": 4,
    "pid": 27924,
    "index": 56
  },
  {
    "name": "Load Middleware",
    "start": 1564106763755,
    "end": 1564106763813,
    "duration": 58,
    "pid": 27924,
    "index": 57
  },
  {
    "name": "Load \"middlewares\" to Application",
    "start": 1564106763755,
    "end": 1564106763800,
    "duration": 45,
    "pid": 27924,
    "index": 58
  },
  {
    "name": "Load Controller",
    "start": 1564106763813,
    "end": 1564106764404,
    "duration": 591,
    "pid": 27924,
    "index": 59
  },
  {
    "name": "Load \"controller\" to Application",
    "start": 1564106763813,
    "end": 1564106764404,
    "duration": 591,
    "pid": 27924,
    "index": 60
  },
  {
    "name": "Load Router",
    "start": 1564106764404,
    "end": 1564106764407,
    "duration": 3,
    "pid": 27924,
    "index": 61
  },
  {
    "name": "Require(44) app/router.js",
    "start": 1564106764404,
    "end": 1564106764404,
    "duration": 0,
    "pid": 27924,
    "index": 62
  },
  {
    "name": "Before Start in node_modules/_egg-core@3.21.4@egg-core/lib/egg.js:330:10",
    "start": 1564106764405,
    "end": 1564106764426,
    "duration": 21,
    "pid": 27924,
    "index": 63
  }
]