[
  {
    "name": "Application Start",
    "start": 1564106800229,
    "end": 1564106801654,
    "duration": 1425,
    "pid": 27997,
    "index": 0
  },
  {
    "name": "Load Plugin",
    "start": 1564106800236,
    "end": 1564106800252,
    "duration": 16,
    "pid": 27997,
    "index": 1
  },
  {
    "name": "Load Config",
    "start": 1564106800252,
    "end": 1564106800265,
    "duration": 13,
    "pid": 27997,
    "index": 2
  },
  {
    "name": "Require(0) config/config.default.js",
    "start": 1564106800252,
    "end": 1564106800253,
    "duration": 1,
    "pid": 27997,
    "index": 3
  },
  {
    "name": "Require(1) node_modules/_egg-session@2.2.0@egg-session/config/config.default.js",
    "start": 1564106800254,
    "end": 1564106800255,
    "duration": 1,
    "pid": 27997,
    "index": 4
  },
  {
    "name": "Require(2) node_modules/_egg-security@1.13.2@egg-security/config/config.default.js",
    "start": 1564106800255,
    "end": 1564106800255,
    "duration": 0,
    "pid": 27997,
    "index": 5
  },
  {
    "name": "Require(3) node_modules/_egg-jsonp@1.2.2@egg-jsonp/config/config.default.js",
    "start": 1564106800256,
    "end": 1564106800257,
    "duration": 1,
    "pid": 27997,
    "index": 6
  },
  {
    "name": "Require(4) node_modules/_egg-onerror@1.6.0@egg-onerror/config/config.default.js",
    "start": 1564106800258,
    "end": 1564106800259,
    "duration": 1,
    "pid": 27997,
    "index": 7
  },
  {
    "name": "Require(5) node_modules/_egg-i18n@1.2.0@egg-i18n/config/config.default.js",
    "start": 1564106800259,
    "end": 1564106800259,
    "duration": 0,
    "pid": 27997,
    "index": 8
  },
  {
    "name": "Require(6) node_modules/_egg-watcher@2.2.0@egg-watcher/config/config.default.js",
    "start": 1564106800259,
    "end": 1564106800260,
    "duration": 1,
    "pid": 27997,
    "index": 9
  },
  {
    "name": "Require(7) node_modules/_egg-multipart@1.5.1@egg-multipart/config/config.default.js",
    "start": 1564106800260,
    "end": 1564106800260,
    "duration": 0,
    "pid": 27997,
    "index": 10
  },
  {
    "name": "Require(8) node_modules/_egg-logrotator@2.3.3@egg-logrotator/config/config.default.js",
    "start": 1564106800260,
    "end": 1564106800261,
    "duration": 1,
    "pid": 27997,
    "index": 11
  },
  {
    "name": "Require(9) node_modules/_egg-static@1.5.1@egg-static/config/config.default.js",
    "start": 1564106800261,
    "end": 1564106800261,
    "duration": 0,
    "pid": 27997,
    "index": 12
  },
  {
    "name": "Require(10) node_modules/_egg-view@1.2.0@egg-view/config/config.default.js",
    "start": 1564106800261,
    "end": 1564106800262,
    "duration": 1,
    "pid": 27997,
    "index": 13
  },
  {
    "name": "Require(11) node_modules/_egg-mysql@3.0.0@egg-mysql/config/config.default.js",
    "start": 1564106800262,
    "end": 1564106800262,
    "duration": 0,
    "pid": 27997,
    "index": 14
  },
  {
    "name": "Require(12) node_modules/_egg-cors@2.2.0@egg-cors/config/config.default.js",
    "start": 1564106800262,
    "end": 1564106800262,
    "duration": 0,
    "pid": 27997,
    "index": 15
  },
  {
    "name": "Require(13) node_modules/_egg@1.19.0@egg/config/config.default.js",
    "start": 1564106800262,
    "end": 1564106800263,
    "duration": 1,
    "pid": 27997,
    "index": 16
  },
  {
    "name": "Require(14) config/config.default.js",
    "start": 1564106800264,
    "end": 1564106800264,
    "duration": 0,
    "pid": 27997,
    "index": 17
  },
  {
    "name": "Require(15) node_modules/_egg-static@1.5.1@egg-static/config/config.prod.js",
    "start": 1564106800265,
    "end": 1564106800265,
    "duration": 0,
    "pid": 27997,
    "index": 18
  },
  {
    "name": "Load extend/application.js",
    "start": 1564106800267,
    "end": 1564106800274,
    "duration": 7,
    "pid": 27997,
    "index": 19
  },
  {
    "name": "Require(16) node_modules/_egg-session@2.2.0@egg-session/app/extend/application.js",
    "start": 1564106800267,
    "end": 1564106800268,
    "duration": 1,
    "pid": 27997,
    "index": 20
  },
  {
    "name": "Require(17) node_modules/_egg-security@1.13.2@egg-security/app/extend/application.js",
    "start": 1564106800268,
    "end": 1564106800268,
    "duration": 0,
    "pid": 27997,
    "index": 21
  },
  {
    "name": "Require(18) node_modules/_egg-jsonp@1.2.2@egg-jsonp/app/extend/application.js",
    "start": 1564106800269,
    "end": 1564106800270,
    "duration": 1,
    "pid": 27997,
    "index": 22
  },
  {
    "name": "Require(19) node_modules/_egg-logrotator@2.3.3@egg-logrotator/app/extend/application.js",
    "start": 1564106800270,
    "end": 1564106800271,
    "duration": 1,
    "pid": 27997,
    "index": 23
  },
  {
    "name": "Require(20) node_modules/_egg-view@1.2.0@egg-view/app/extend/application.js",
    "start": 1564106800271,
    "end": 1564106800272,
    "duration": 1,
    "pid": 27997,
    "index": 24
  },
  {
    "name": "Load extend/request.js",
    "start": 1564106800274,
    "end": 1564106800276,
    "duration": 2,
    "pid": 27997,
    "index": 25
  },
  {
    "name": "Require(21) node_modules/_egg@1.19.0@egg/app/extend/request.js",
    "start": 1564106800274,
    "end": 1564106800275,
    "duration": 1,
    "pid": 27997,
    "index": 26
  },
  {
    "name": "Load extend/response.js",
    "start": 1564106800276,
    "end": 1564106800278,
    "duration": 2,
    "pid": 27997,
    "index": 27
  },
  {
    "name": "Require(22) node_modules/_egg@1.19.0@egg/app/extend/response.js",
    "start": 1564106800277,
    "end": 1564106800278,
    "duration": 1,
    "pid": 27997,
    "index": 28
  },
  {
    "name": "Load extend/context.js",
    "start": 1564106800279,
    "end": 1564106800450,
    "duration": 171,
    "pid": 27997,
    "index": 29
  },
  {
    "name": "Require(23) node_modules/_egg-security@1.13.2@egg-security/app/extend/context.js",
    "start": 1564106800279,
    "end": 1564106800304,
    "duration": 25,
    "pid": 27997,
    "index": 30
  },
  {
    "name": "Require(24) node_modules/_egg-jsonp@1.2.2@egg-jsonp/app/extend/context.js",
    "start": 1564106800304,
    "end": 1564106800305,
    "duration": 1,
    "pid": 27997,
    "index": 31
  },
  {
    "name": "Require(25) node_modules/_egg-i18n@1.2.0@egg-i18n/app/extend/context.js",
    "start": 1564106800305,
    "end": 1564106800305,
    "duration": 0,
    "pid": 27997,
    "index": 32
  },
  {
    "name": "Require(26) node_modules/_egg-multipart@1.5.1@egg-multipart/app/extend/context.js",
    "start": 1564106800306,
    "end": 1564106800446,
    "duration": 140,
    "pid": 27997,
    "index": 33
  },
  {
    "name": "Require(27) node_modules/_egg-view@1.2.0@egg-view/app/extend/context.js",
    "start": 1564106800446,
    "end": 1564106800447,
    "duration": 1,
    "pid": 27997,
    "index": 34
  },
  {
    "name": "Require(28) node_modules/_egg-validate@1.1.1@egg-validate/app/extend/context.js",
    "start": 1564106800447,
    "end": 1564106800448,
    "duration": 1,
    "pid": 27997,
    "index": 35
  },
  {
    "name": "Require(29) node_modules/_egg@1.19.0@egg/app/extend/context.js",
    "start": 1564106800448,
    "end": 1564106800449,
    "duration": 1,
    "pid": 27997,
    "index": 36
  },
  {
    "name": "Load extend/helper.js",
    "start": 1564106800450,
    "end": 1564106800485,
    "duration": 35,
    "pid": 27997,
    "index": 37
  },
  {
    "name": "Require(30) node_modules/_egg-security@1.13.2@egg-security/app/extend/helper.js",
    "start": 1564106800451,
    "end": 1564106800484,
    "duration": 33,
    "pid": 27997,
    "index": 38
  },
  {
    "name": "Require(31) node_modules/_egg@1.19.0@egg/app/extend/helper.js",
    "start": 1564106800484,
    "end": 1564106800484,
    "duration": 0,
    "pid": 27997,
    "index": 39
  },
  {
    "name": "Load app.js",
    "start": 1564106800485,
    "end": 1564106800804,
    "duration": 319,
    "pid": 27997,
    "index": 40
  },
  {
    "name": "Require(32) node_modules/_egg-session@2.2.0@egg-session/app.js",
    "start": 1564106800485,
    "end": 1564106800486,
    "duration": 1,
    "pid": 27997,
    "index": 41
  },
  {
    "name": "Require(33) node_modules/_egg-security@1.13.2@egg-security/app.js",
    "start": 1564106800486,
    "end": 1564106800487,
    "duration": 1,
    "pid": 27997,
    "index": 42
  },
  {
    "name": "Require(34) node_modules/_egg-onerror@1.6.0@egg-onerror/app.js",
    "start": 1564106800487,
    "end": 1564106800499,
    "duration": 12,
    "pid": 27997,
    "index": 43
  },
  {
    "name": "Require(35) node_modules/_egg-i18n@1.2.0@egg-i18n/app.js",
    "start": 1564106800500,
    "end": 1564106800504,
    "duration": 4,
    "pid": 27997,
    "index": 44
  },
  {
    "name": "Require(36) node_modules/_egg-watcher@2.2.0@egg-watcher/app.js",
    "start": 1564106800510,
    "end": 1564106800511,
    "duration": 1,
    "pid": 27997,
    "index": 45
  },
  {
    "name": "Before Start in node_modules/_egg-watcher@2.2.0@egg-watcher/app.js:15:7",
    "start": 1564106800555,
    "end": 1564106801602,
    "duration": 1047,
    "pid": 27997,
    "index": 46
  },
  {
    "name": "Require(37) node_modules/_egg-multipart@1.5.1@egg-multipart/app.js",
    "start": 1564106800569,
    "end": 1564106800571,
    "duration": 2,
    "pid": 27997,
    "index": 47
  },
  {
    "name": "Require(38) node_modules/_egg-schedule@2.6.0@egg-schedule/app.js",
    "start": 1564106800572,
    "end": 1564106800573,
    "duration": 1,
    "pid": 27997,
    "index": 48
  },
  {
    "name": "Require(39) node_modules/_egg-logrotator@2.3.3@egg-logrotator/app.js",
    "start": 1564106800651,
    "end": 1564106800652,
    "duration": 1,
    "pid": 27997,
    "index": 49
  },
  {
    "name": "Require(40) node_modules/_egg-static@1.5.1@egg-static/app.js",
    "start": 1564106800652,
    "end": 1564106800652,
    "duration": 0,
    "pid": 27997,
    "index": 50
  },
  {
    "name": "Require(41) node_modules/_egg-validate@1.1.1@egg-validate/app.js",
    "start": 1564106800652,
    "end": 1564106800654,
    "duration": 2,
    "pid": 27997,
    "index": 51
  },
  {
    "name": "Require(42) node_modules/_egg-mysql@3.0.0@egg-mysql/app.js",
    "start": 1564106800654,
    "end": 1564106800713,
    "duration": 59,
    "pid": 27997,
    "index": 52
  },
  {
    "name": "Before Start in node_modules/_egg-mysql@3.0.0@egg-mysql/lib/mysql.js:20:7",
    "start": 1564106800803,
    "end": 1564106801653,
    "duration": 850,
    "pid": 27997,
    "index": 53
  },
  {
    "name": "Require(43) node_modules/_egg-cors@2.2.0@egg-cors/app.js",
    "start": 1564106800804,
    "end": 1564106800804,
    "duration": 0,
    "pid": 27997,
    "index": 54
  },
  {
    "name": "Load Service",
    "start": 1564106800804,
    "end": 1564106800818,
    "duration": 14,
    "pid": 27997,
    "index": 55
  },
  {
    "name": "Load \"service\" to Context",
    "start": 1564106800804,
    "end": 1564106800818,
    "duration": 14,
    "pid": 27997,
    "index": 56
  },
  {
    "name": "Load Middleware",
    "start": 1564106800819,
    "end": 1564106800913,
    "duration": 94,
    "pid": 27997,
    "index": 57
  },
  {
    "name": "Load \"middlewares\" to Application",
    "start": 1564106800819,
    "end": 1564106800883,
    "duration": 64,
    "pid": 27997,
    "index": 58
  },
  {
    "name": "Load Controller",
    "start": 1564106800913,
    "end": 1564106801560,
    "duration": 647,
    "pid": 27997,
    "index": 59
  },
  {
    "name": "Load \"controller\" to Application",
    "start": 1564106800913,
    "end": 1564106801560,
    "duration": 647,
    "pid": 27997,
    "index": 60
  },
  {
    "name": "Load Router",
    "start": 1564106801560,
    "end": 1564106801562,
    "duration": 2,
    "pid": 27997,
    "index": 61
  },
  {
    "name": "Require(44) app/router.js",
    "start": 1564106801560,
    "end": 1564106801560,
    "duration": 0,
    "pid": 27997,
    "index": 62
  },
  {
    "name": "Before Start in node_modules/_egg-core@3.21.4@egg-core/lib/egg.js:330:10",
    "start": 1564106801561,
    "end": 1564106801583,
    "duration": 22,
    "pid": 27997,
    "index": 63
  }
]