[
  {
    "name": "Application Start",
    "start": 1564070774166,
    "end": 1564070774668,
    "duration": 502,
    "pid": 27116,
    "index": 0
  },
  {
    "name": "Load Plugin",
    "start": 1564070774170,
    "end": 1564070774177,
    "duration": 7,
    "pid": 27116,
    "index": 1
  },
  {
    "name": "Load Config",
    "start": 1564070774177,
    "end": 1564070774186,
    "duration": 9,
    "pid": 27116,
    "index": 2
  },
  {
    "name": "Require(0) config/config.default.js",
    "start": 1564070774178,
    "end": 1564070774178,
    "duration": 0,
    "pid": 27116,
    "index": 3
  },
  {
    "name": "Require(1) node_modules/_egg-session@2.2.0@egg-session/config/config.default.js",
    "start": 1564070774179,
    "end": 1564070774179,
    "duration": 0,
    "pid": 27116,
    "index": 4
  },
  {
    "name": "Require(2) node_modules/_egg-security@1.13.2@egg-security/config/config.default.js",
    "start": 1564070774179,
    "end": 1564070774179,
    "duration": 0,
    "pid": 27116,
    "index": 5
  },
  {
    "name": "Require(3) node_modules/_egg-jsonp@1.2.2@egg-jsonp/config/config.default.js",
    "start": 1564070774180,
    "end": 1564070774180,
    "duration": 0,
    "pid": 27116,
    "index": 6
  },
  {
    "name": "Require(4) node_modules/_egg-onerror@1.6.0@egg-onerror/config/config.default.js",
    "start": 1564070774180,
    "end": 1564070774180,
    "duration": 0,
    "pid": 27116,
    "index": 7
  },
  {
    "name": "Require(5) node_modules/_egg-i18n@1.2.0@egg-i18n/config/config.default.js",
    "start": 1564070774180,
    "end": 1564070774181,
    "duration": 1,
    "pid": 27116,
    "index": 8
  },
  {
    "name": "Require(6) node_modules/_egg-watcher@2.2.0@egg-watcher/config/config.default.js",
    "start": 1564070774181,
    "end": 1564070774181,
    "duration": 0,
    "pid": 27116,
    "index": 9
  },
  {
    "name": "Require(7) node_modules/_egg-multipart@1.5.1@egg-multipart/config/config.default.js",
    "start": 1564070774181,
    "end": 1564070774181,
    "duration": 0,
    "pid": 27116,
    "index": 10
  },
  {
    "name": "Require(8) node_modules/_egg-development@1.4.2@egg-development/config/config.default.js",
    "start": 1564070774181,
    "end": 1564070774181,
    "duration": 0,
    "pid": 27116,
    "index": 11
  },
  {
    "name": "Require(9) node_modules/_egg-logrotator@2.3.3@egg-logrotator/config/config.default.js",
    "start": 1564070774182,
    "end": 1564070774182,
    "duration": 0,
    "pid": 27116,
    "index": 12
  },
  {
    "name": "Require(10) node_modules/_egg-static@1.5.1@egg-static/config/config.default.js",
    "start": 1564070774182,
    "end": 1564070774182,
    "duration": 0,
    "pid": 27116,
    "index": 13
  },
  {
    "name": "Require(11) node_modules/_egg-view@1.2.0@egg-view/config/config.default.js",
    "start": 1564070774182,
    "end": 1564070774182,
    "duration": 0,
    "pid": 27116,
    "index": 14
  },
  {
    "name": "Require(12) node_modules/_egg-mysql@3.0.0@egg-mysql/config/config.default.js",
    "start": 1564070774182,
    "end": 1564070774183,
    "duration": 1,
    "pid": 27116,
    "index": 15
  },
  {
    "name": "Require(13) node_modules/_egg-cors@2.2.0@egg-cors/config/config.default.js",
    "start": 1564070774183,
    "end": 1564070774183,
    "duration": 0,
    "pid": 27116,
    "index": 16
  },
  {
    "name": "Require(14) node_modules/_egg@1.19.0@egg/config/config.default.js",
    "start": 1564070774183,
    "end": 1564070774183,
    "duration": 0,
    "pid": 27116,
    "index": 17
  },
  {
    "name": "Require(15) config/config.default.js",
    "start": 1564070774184,
    "end": 1564070774184,
    "duration": 0,
    "pid": 27116,
    "index": 18
  },
  {
    "name": "Require(16) node_modules/_egg-security@1.13.2@egg-security/config/config.local.js",
    "start": 1564070774184,
    "end": 1564070774184,
    "duration": 0,
    "pid": 27116,
    "index": 19
  },
  {
    "name": "Require(17) node_modules/_egg-watcher@2.2.0@egg-watcher/config/config.local.js",
    "start": 1564070774185,
    "end": 1564070774185,
    "duration": 0,
    "pid": 27116,
    "index": 20
  },
  {
    "name": "Require(18) node_modules/_egg-view@1.2.0@egg-view/config/config.local.js",
    "start": 1564070774185,
    "end": 1564070774185,
    "duration": 0,
    "pid": 27116,
    "index": 21
  },
  {
    "name": "Require(19) node_modules/_egg@1.19.0@egg/config/config.local.js",
    "start": 1564070774185,
    "end": 1564070774186,
    "duration": 1,
    "pid": 27116,
    "index": 22
  },
  {
    "name": "Load extend/application.js",
    "start": 1564070774187,
    "end": 1564070774190,
    "duration": 3,
    "pid": 27116,
    "index": 23
  },
  {
    "name": "Require(20) node_modules/_egg-session@2.2.0@egg-session/app/extend/application.js",
    "start": 1564070774187,
    "end": 1564070774187,
    "duration": 0,
    "pid": 27116,
    "index": 24
  },
  {
    "name": "Require(21) node_modules/_egg-security@1.13.2@egg-security/app/extend/application.js",
    "start": 1564070774187,
    "end": 1564070774188,
    "duration": 1,
    "pid": 27116,
    "index": 25
  },
  {
    "name": "Require(22) node_modules/_egg-jsonp@1.2.2@egg-jsonp/app/extend/application.js",
    "start": 1564070774188,
    "end": 1564070774189,
    "duration": 1,
    "pid": 27116,
    "index": 26
  },
  {
    "name": "Require(23) node_modules/_egg-logrotator@2.3.3@egg-logrotator/app/extend/application.js",
    "start": 1564070774189,
    "end": 1564070774189,
    "duration": 0,
    "pid": 27116,
    "index": 27
  },
  {
    "name": "Require(24) node_modules/_egg-view@1.2.0@egg-view/app/extend/application.js",
    "start": 1564070774189,
    "end": 1564070774190,
    "duration": 1,
    "pid": 27116,
    "index": 28
  },
  {
    "name": "Load extend/request.js",
    "start": 1564070774190,
    "end": 1564070774192,
    "duration": 2,
    "pid": 27116,
    "index": 29
  },
  {
    "name": "Require(25) node_modules/_egg@1.19.0@egg/app/extend/request.js",
    "start": 1564070774191,
    "end": 1564070774192,
    "duration": 1,
    "pid": 27116,
    "index": 30
  },
  {
    "name": "Load extend/response.js",
    "start": 1564070774192,
    "end": 1564070774194,
    "duration": 2,
    "pid": 27116,
    "index": 31
  },
  {
    "name": "Require(26) node_modules/_egg@1.19.0@egg/app/extend/response.js",
    "start": 1564070774193,
    "end": 1564070774194,
    "duration": 1,
    "pid": 27116,
    "index": 32
  },
  {
    "name": "Load extend/context.js",
    "start": 1564070774194,
    "end": 1564070774227,
    "duration": 33,
    "pid": 27116,
    "index": 33
  },
  {
    "name": "Require(27) node_modules/_egg-security@1.13.2@egg-security/app/extend/context.js",
    "start": 1564070774194,
    "end": 1564070774197,
    "duration": 3,
    "pid": 27116,
    "index": 34
  },
  {
    "name": "Require(28) node_modules/_egg-jsonp@1.2.2@egg-jsonp/app/extend/context.js",
    "start": 1564070774198,
    "end": 1564070774198,
    "duration": 0,
    "pid": 27116,
    "index": 35
  },
  {
    "name": "Require(29) node_modules/_egg-i18n@1.2.0@egg-i18n/app/extend/context.js",
    "start": 1564070774198,
    "end": 1564070774198,
    "duration": 0,
    "pid": 27116,
    "index": 36
  },
  {
    "name": "Require(30) node_modules/_egg-multipart@1.5.1@egg-multipart/app/extend/context.js",
    "start": 1564070774199,
    "end": 1564070774224,
    "duration": 25,
    "pid": 27116,
    "index": 37
  },
  {
    "name": "Require(31) node_modules/_egg-view@1.2.0@egg-view/app/extend/context.js",
    "start": 1564070774224,
    "end": 1564070774224,
    "duration": 0,
    "pid": 27116,
    "index": 38
  },
  {
    "name": "Require(32) node_modules/_egg-validate@1.1.1@egg-validate/app/extend/context.js",
    "start": 1564070774224,
    "end": 1564070774225,
    "duration": 1,
    "pid": 27116,
    "index": 39
  },
  {
    "name": "Require(33) node_modules/_egg@1.19.0@egg/app/extend/context.js",
    "start": 1564070774225,
    "end": 1564070774226,
    "duration": 1,
    "pid": 27116,
    "index": 40
  },
  {
    "name": "Load extend/helper.js",
    "start": 1564070774227,
    "end": 1564070774236,
    "duration": 9,
    "pid": 27116,
    "index": 41
  },
  {
    "name": "Require(34) node_modules/_egg-security@1.13.2@egg-security/app/extend/helper.js",
    "start": 1564070774227,
    "end": 1564070774235,
    "duration": 8,
    "pid": 27116,
    "index": 42
  },
  {
    "name": "Require(35) node_modules/_egg@1.19.0@egg/app/extend/helper.js",
    "start": 1564070774235,
    "end": 1564070774235,
    "duration": 0,
    "pid": 27116,
    "index": 43
  },
  {
    "name": "Load app.js",
    "start": 1564070774236,
    "end": 1564070774332,
    "duration": 96,
    "pid": 27116,
    "index": 44
  },
  {
    "name": "Require(36) node_modules/_egg-session@2.2.0@egg-session/app.js",
    "start": 1564070774236,
    "end": 1564070774236,
    "duration": 0,
    "pid": 27116,
    "index": 45
  },
  {
    "name": "Require(37) node_modules/_egg-security@1.13.2@egg-security/app.js",
    "start": 1564070774236,
    "end": 1564070774237,
    "duration": 1,
    "pid": 27116,
    "index": 46
  },
  {
    "name": "Require(38) node_modules/_egg-onerror@1.6.0@egg-onerror/app.js",
    "start": 1564070774238,
    "end": 1564070774243,
    "duration": 5,
    "pid": 27116,
    "index": 47
  },
  {
    "name": "Require(39) node_modules/_egg-i18n@1.2.0@egg-i18n/app.js",
    "start": 1564070774244,
    "end": 1564070774248,
    "duration": 4,
    "pid": 27116,
    "index": 48
  },
  {
    "name": "Require(40) node_modules/_egg-watcher@2.2.0@egg-watcher/app.js",
    "start": 1564070774250,
    "end": 1564070774251,
    "duration": 1,
    "pid": 27116,
    "index": 49
  },
  {
    "name": "Before Start in node_modules/_egg-watcher@2.2.0@egg-watcher/app.js:15:7",
    "start": 1564070774260,
    "end": 1564070774629,
    "duration": 369,
    "pid": 27116,
    "index": 50
  },
  {
    "name": "Require(41) node_modules/_egg-multipart@1.5.1@egg-multipart/app.js",
    "start": 1564070774261,
    "end": 1564070774262,
    "duration": 1,
    "pid": 27116,
    "index": 51
  },
  {
    "name": "Require(42) node_modules/_egg-development@1.4.2@egg-development/app.js",
    "start": 1564070774263,
    "end": 1564070774263,
    "duration": 0,
    "pid": 27116,
    "index": 52
  },
  {
    "name": "Before Start in node_modules/_egg-development@1.4.2@egg-development/app.js:12:7",
    "start": 1564070774263,
    "end": 1564070774627,
    "duration": 364,
    "pid": 27116,
    "index": 53
  },
  {
    "name": "Require(43) node_modules/_egg-schedule@2.6.0@egg-schedule/app.js",
    "start": 1564070774264,
    "end": 1564070774268,
    "duration": 4,
    "pid": 27116,
    "index": 54
  },
  {
    "name": "Require(44) node_modules/_egg-logrotator@2.3.3@egg-logrotator/app.js",
    "start": 1564070774292,
    "end": 1564070774292,
    "duration": 0,
    "pid": 27116,
    "index": 55
  },
  {
    "name": "Require(45) node_modules/_egg-static@1.5.1@egg-static/app.js",
    "start": 1564070774292,
    "end": 1564070774292,
    "duration": 0,
    "pid": 27116,
    "index": 56
  },
  {
    "name": "Require(46) node_modules/_egg-validate@1.1.1@egg-validate/app.js",
    "start": 1564070774292,
    "end": 1564070774293,
    "duration": 1,
    "pid": 27116,
    "index": 57
  },
  {
    "name": "Require(47) node_modules/_egg-mysql@3.0.0@egg-mysql/app.js",
    "start": 1564070774293,
    "end": 1564070774302,
    "duration": 9,
    "pid": 27116,
    "index": 58
  },
  {
    "name": "Before Start in node_modules/_egg-mysql@3.0.0@egg-mysql/lib/mysql.js:20:7",
    "start": 1564070774332,
    "end": 1564070774668,
    "duration": 336,
    "pid": 27116,
    "index": 59
  },
  {
    "name": "Require(48) node_modules/_egg-cors@2.2.0@egg-cors/app.js",
    "start": 1564070774332,
    "end": 1564070774332,
    "duration": 0,
    "pid": 27116,
    "index": 60
  },
  {
    "name": "Load Service",
    "start": 1564070774332,
    "end": 1564070774335,
    "duration": 3,
    "pid": 27116,
    "index": 61
  },
  {
    "name": "Load \"service\" to Context",
    "start": 1564070774332,
    "end": 1564070774335,
    "duration": 3,
    "pid": 27116,
    "index": 62
  },
  {
    "name": "Load Middleware",
    "start": 1564070774335,
    "end": 1564070774368,
    "duration": 33,
    "pid": 27116,
    "index": 63
  },
  {
    "name": "Load \"middlewares\" to Application",
    "start": 1564070774336,
    "end": 1564070774363,
    "duration": 27,
    "pid": 27116,
    "index": 64
  },
  {
    "name": "Load Controller",
    "start": 1564070774368,
    "end": 1564070774606,
    "duration": 238,
    "pid": 27116,
    "index": 65
  },
  {
    "name": "Load \"controller\" to Application",
    "start": 1564070774368,
    "end": 1564070774606,
    "duration": 238,
    "pid": 27116,
    "index": 66
  },
  {
    "name": "Load Router",
    "start": 1564070774607,
    "end": 1564070774609,
    "duration": 2,
    "pid": 27116,
    "index": 67
  },
  {
    "name": "Require(49) app/router.js",
    "start": 1564070774607,
    "end": 1564070774607,
    "duration": 0,
    "pid": 27116,
    "index": 68
  },
  {
    "name": "Before Start in node_modules/_egg-core@3.21.4@egg-core/lib/egg.js:330:10",
    "start": 1564070774607,
    "end": 1564070774622,
    "duration": 15,
    "pid": 27116,
    "index": 69
  }
]