[
  {
    "name": "Application Start",
    "start": 1564070695286,
    "end": 1564070695881,
    "duration": 595,
    "pid": 27043,
    "index": 0
  },
  {
    "name": "Load Plugin",
    "start": 1564070695290,
    "end": 1564070695298,
    "duration": 8,
    "pid": 27043,
    "index": 1
  },
  {
    "name": "Load Config",
    "start": 1564070695299,
    "end": 1564070695306,
    "duration": 7,
    "pid": 27043,
    "index": 2
  },
  {
    "name": "Require(0) config/config.default.js",
    "start": 1564070695299,
    "end": 1564070695299,
    "duration": 0,
    "pid": 27043,
    "index": 3
  },
  {
    "name": "Require(1) node_modules/_egg-session@2.2.0@egg-session/config/config.default.js",
    "start": 1564070695300,
    "end": 1564070695301,
    "duration": 1,
    "pid": 27043,
    "index": 4
  },
  {
    "name": "Require(2) node_modules/_egg-security@1.13.2@egg-security/config/config.default.js",
    "start": 1564070695301,
    "end": 1564070695301,
    "duration": 0,
    "pid": 27043,
    "index": 5
  },
  {
    "name": "Require(3) node_modules/_egg-jsonp@1.2.2@egg-jsonp/config/config.default.js",
    "start": 1564070695301,
    "end": 1564070695301,
    "duration": 0,
    "pid": 27043,
    "index": 6
  },
  {
    "name": "Require(4) node_modules/_egg-onerror@1.6.0@egg-onerror/config/config.default.js",
    "start": 1564070695302,
    "end": 1564070695302,
    "duration": 0,
    "pid": 27043,
    "index": 7
  },
  {
    "name": "Require(5) node_modules/_egg-i18n@1.2.0@egg-i18n/config/config.default.js",
    "start": 1564070695302,
    "end": 1564070695302,
    "duration": 0,
    "pid": 27043,
    "index": 8
  },
  {
    "name": "Require(6) node_modules/_egg-watcher@2.2.0@egg-watcher/config/config.default.js",
    "start": 1564070695302,
    "end": 1564070695302,
    "duration": 0,
    "pid": 27043,
    "index": 9
  },
  {
    "name": "Require(7) node_modules/_egg-multipart@1.5.1@egg-multipart/config/config.default.js",
    "start": 1564070695302,
    "end": 1564070695302,
    "duration": 0,
    "pid": 27043,
    "index": 10
  },
  {
    "name": "Require(8) node_modules/_egg-development@1.4.2@egg-development/config/config.default.js",
    "start": 1564070695303,
    "end": 1564070695303,
    "duration": 0,
    "pid": 27043,
    "index": 11
  },
  {
    "name": "Require(9) node_modules/_egg-logrotator@2.3.3@egg-logrotator/config/config.default.js",
    "start": 1564070695303,
    "end": 1564070695303,
    "duration": 0,
    "pid": 27043,
    "index": 12
  },
  {
    "name": "Require(10) node_modules/_egg-static@1.5.1@egg-static/config/config.default.js",
    "start": 1564070695303,
    "end": 1564070695303,
    "duration": 0,
    "pid": 27043,
    "index": 13
  },
  {
    "name": "Require(11) node_modules/_egg-view@1.2.0@egg-view/config/config.default.js",
    "start": 1564070695303,
    "end": 1564070695304,
    "duration": 1,
    "pid": 27043,
    "index": 14
  },
  {
    "name": "Require(12) node_modules/_egg-mysql@3.0.0@egg-mysql/config/config.default.js",
    "start": 1564070695304,
    "end": 1564070695304,
    "duration": 0,
    "pid": 27043,
    "index": 15
  },
  {
    "name": "Require(13) node_modules/_egg-cors@2.2.0@egg-cors/config/config.default.js",
    "start": 1564070695304,
    "end": 1564070695304,
    "duration": 0,
    "pid": 27043,
    "index": 16
  },
  {
    "name": "Require(14) node_modules/_egg@1.19.0@egg/config/config.default.js",
    "start": 1564070695304,
    "end": 1564070695304,
    "duration": 0,
    "pid": 27043,
    "index": 17
  },
  {
    "name": "Require(15) config/config.default.js",
    "start": 1564070695305,
    "end": 1564070695305,
    "duration": 0,
    "pid": 27043,
    "index": 18
  },
  {
    "name": "Require(16) node_modules/_egg-security@1.13.2@egg-security/config/config.local.js",
    "start": 1564070695305,
    "end": 1564070695306,
    "duration": 1,
    "pid": 27043,
    "index": 19
  },
  {
    "name": "Require(17) node_modules/_egg-watcher@2.2.0@egg-watcher/config/config.local.js",
    "start": 1564070695306,
    "end": 1564070695306,
    "duration": 0,
    "pid": 27043,
    "index": 20
  },
  {
    "name": "Require(18) node_modules/_egg-view@1.2.0@egg-view/config/config.local.js",
    "start": 1564070695306,
    "end": 1564070695306,
    "duration": 0,
    "pid": 27043,
    "index": 21
  },
  {
    "name": "Require(19) node_modules/_egg@1.19.0@egg/config/config.local.js",
    "start": 1564070695306,
    "end": 1564070695306,
    "duration": 0,
    "pid": 27043,
    "index": 22
  },
  {
    "name": "Load extend/application.js",
    "start": 1564070695308,
    "end": 1564070695312,
    "duration": 4,
    "pid": 27043,
    "index": 23
  },
  {
    "name": "Require(20) node_modules/_egg-session@2.2.0@egg-session/app/extend/application.js",
    "start": 1564070695309,
    "end": 1564070695309,
    "duration": 0,
    "pid": 27043,
    "index": 24
  },
  {
    "name": "Require(21) node_modules/_egg-security@1.13.2@egg-security/app/extend/application.js",
    "start": 1564070695309,
    "end": 1564070695309,
    "duration": 0,
    "pid": 27043,
    "index": 25
  },
  {
    "name": "Require(22) node_modules/_egg-jsonp@1.2.2@egg-jsonp/app/extend/application.js",
    "start": 1564070695310,
    "end": 1564070695310,
    "duration": 0,
    "pid": 27043,
    "index": 26
  },
  {
    "name": "Require(23) node_modules/_egg-logrotator@2.3.3@egg-logrotator/app/extend/application.js",
    "start": 1564070695310,
    "end": 1564070695311,
    "duration": 1,
    "pid": 27043,
    "index": 27
  },
  {
    "name": "Require(24) node_modules/_egg-view@1.2.0@egg-view/app/extend/application.js",
    "start": 1564070695311,
    "end": 1564070695312,
    "duration": 1,
    "pid": 27043,
    "index": 28
  },
  {
    "name": "Load extend/request.js",
    "start": 1564070695312,
    "end": 1564070695314,
    "duration": 2,
    "pid": 27043,
    "index": 29
  },
  {
    "name": "Require(25) node_modules/_egg@1.19.0@egg/app/extend/request.js",
    "start": 1564070695313,
    "end": 1564070695313,
    "duration": 0,
    "pid": 27043,
    "index": 30
  },
  {
    "name": "Load extend/response.js",
    "start": 1564070695314,
    "end": 1564070695315,
    "duration": 1,
    "pid": 27043,
    "index": 31
  },
  {
    "name": "Require(26) node_modules/_egg@1.19.0@egg/app/extend/response.js",
    "start": 1564070695314,
    "end": 1564070695315,
    "duration": 1,
    "pid": 27043,
    "index": 32
  },
  {
    "name": "Load extend/context.js",
    "start": 1564070695315,
    "end": 1564070695347,
    "duration": 32,
    "pid": 27043,
    "index": 33
  },
  {
    "name": "Require(27) node_modules/_egg-security@1.13.2@egg-security/app/extend/context.js",
    "start": 1564070695315,
    "end": 1564070695318,
    "duration": 3,
    "pid": 27043,
    "index": 34
  },
  {
    "name": "Require(28) node_modules/_egg-jsonp@1.2.2@egg-jsonp/app/extend/context.js",
    "start": 1564070695319,
    "end": 1564070695319,
    "duration": 0,
    "pid": 27043,
    "index": 35
  },
  {
    "name": "Require(29) node_modules/_egg-i18n@1.2.0@egg-i18n/app/extend/context.js",
    "start": 1564070695319,
    "end": 1564070695319,
    "duration": 0,
    "pid": 27043,
    "index": 36
  },
  {
    "name": "Require(30) node_modules/_egg-multipart@1.5.1@egg-multipart/app/extend/context.js",
    "start": 1564070695319,
    "end": 1564070695344,
    "duration": 25,
    "pid": 27043,
    "index": 37
  },
  {
    "name": "Require(31) node_modules/_egg-view@1.2.0@egg-view/app/extend/context.js",
    "start": 1564070695344,
    "end": 1564070695345,
    "duration": 1,
    "pid": 27043,
    "index": 38
  },
  {
    "name": "Require(32) node_modules/_egg-validate@1.1.1@egg-validate/app/extend/context.js",
    "start": 1564070695345,
    "end": 1564070695345,
    "duration": 0,
    "pid": 27043,
    "index": 39
  },
  {
    "name": "Require(33) node_modules/_egg@1.19.0@egg/app/extend/context.js",
    "start": 1564070695345,
    "end": 1564070695346,
    "duration": 1,
    "pid": 27043,
    "index": 40
  },
  {
    "name": "Load extend/helper.js",
    "start": 1564070695347,
    "end": 1564070695355,
    "duration": 8,
    "pid": 27043,
    "index": 41
  },
  {
    "name": "Require(34) node_modules/_egg-security@1.13.2@egg-security/app/extend/helper.js",
    "start": 1564070695347,
    "end": 1564070695354,
    "duration": 7,
    "pid": 27043,
    "index": 42
  },
  {
    "name": "Require(35) node_modules/_egg@1.19.0@egg/app/extend/helper.js",
    "start": 1564070695355,
    "end": 1564070695355,
    "duration": 0,
    "pid": 27043,
    "index": 43
  },
  {
    "name": "Load app.js",
    "start": 1564070695355,
    "end": 1564070695480,
    "duration": 125,
    "pid": 27043,
    "index": 44
  },
  {
    "name": "Require(36) node_modules/_egg-session@2.2.0@egg-session/app.js",
    "start": 1564070695355,
    "end": 1564070695355,
    "duration": 0,
    "pid": 27043,
    "index": 45
  },
  {
    "name": "Require(37) node_modules/_egg-security@1.13.2@egg-security/app.js",
    "start": 1564070695355,
    "end": 1564070695356,
    "duration": 1,
    "pid": 27043,
    "index": 46
  },
  {
    "name": "Require(38) node_modules/_egg-onerror@1.6.0@egg-onerror/app.js",
    "start": 1564070695358,
    "end": 1564070695364,
    "duration": 6,
    "pid": 27043,
    "index": 47
  },
  {
    "name": "Require(39) node_modules/_egg-i18n@1.2.0@egg-i18n/app.js",
    "start": 1564070695384,
    "end": 1564070695393,
    "duration": 9,
    "pid": 27043,
    "index": 48
  },
  {
    "name": "Require(40) node_modules/_egg-watcher@2.2.0@egg-watcher/app.js",
    "start": 1564070695396,
    "end": 1564070695400,
    "duration": 4,
    "pid": 27043,
    "index": 49
  },
  {
    "name": "Before Start in node_modules/_egg-watcher@2.2.0@egg-watcher/app.js:15:7",
    "start": 1564070695409,
    "end": 1564070695816,
    "duration": 407,
    "pid": 27043,
    "index": 50
  },
  {
    "name": "Require(41) node_modules/_egg-multipart@1.5.1@egg-multipart/app.js",
    "start": 1564070695410,
    "end": 1564070695414,
    "duration": 4,
    "pid": 27043,
    "index": 51
  },
  {
    "name": "Require(42) node_modules/_egg-development@1.4.2@egg-development/app.js",
    "start": 1564070695415,
    "end": 1564070695416,
    "duration": 1,
    "pid": 27043,
    "index": 52
  },
  {
    "name": "Before Start in node_modules/_egg-development@1.4.2@egg-development/app.js:12:7",
    "start": 1564070695416,
    "end": 1564070695814,
    "duration": 398,
    "pid": 27043,
    "index": 53
  },
  {
    "name": "Require(43) node_modules/_egg-schedule@2.6.0@egg-schedule/app.js",
    "start": 1564070695416,
    "end": 1564070695420,
    "duration": 4,
    "pid": 27043,
    "index": 54
  },
  {
    "name": "Require(44) node_modules/_egg-logrotator@2.3.3@egg-logrotator/app.js",
    "start": 1564070695443,
    "end": 1564070695443,
    "duration": 0,
    "pid": 27043,
    "index": 55
  },
  {
    "name": "Require(45) node_modules/_egg-static@1.5.1@egg-static/app.js",
    "start": 1564070695443,
    "end": 1564070695443,
    "duration": 0,
    "pid": 27043,
    "index": 56
  },
  {
    "name": "Require(46) node_modules/_egg-validate@1.1.1@egg-validate/app.js",
    "start": 1564070695443,
    "end": 1564070695444,
    "duration": 1,
    "pid": 27043,
    "index": 57
  },
  {
    "name": "Require(47) node_modules/_egg-mysql@3.0.0@egg-mysql/app.js",
    "start": 1564070695444,
    "end": 1564070695453,
    "duration": 9,
    "pid": 27043,
    "index": 58
  },
  {
    "name": "Before Start in node_modules/_egg-mysql@3.0.0@egg-mysql/lib/mysql.js:20:7",
    "start": 1564070695480,
    "end": 1564070695881,
    "duration": 401,
    "pid": 27043,
    "index": 59
  },
  {
    "name": "Require(48) node_modules/_egg-cors@2.2.0@egg-cors/app.js",
    "start": 1564070695480,
    "end": 1564070695480,
    "duration": 0,
    "pid": 27043,
    "index": 60
  },
  {
    "name": "Load Service",
    "start": 1564070695481,
    "end": 1564070695483,
    "duration": 2,
    "pid": 27043,
    "index": 61
  },
  {
    "name": "Load \"service\" to Context",
    "start": 1564070695481,
    "end": 1564070695483,
    "duration": 2,
    "pid": 27043,
    "index": 62
  },
  {
    "name": "Load Middleware",
    "start": 1564070695484,
    "end": 1564070695514,
    "duration": 30,
    "pid": 27043,
    "index": 63
  },
  {
    "name": "Load \"middlewares\" to Application",
    "start": 1564070695484,
    "end": 1564070695510,
    "duration": 26,
    "pid": 27043,
    "index": 64
  },
  {
    "name": "Load Controller",
    "start": 1564070695515,
    "end": 1564070695792,
    "duration": 277,
    "pid": 27043,
    "index": 65
  },
  {
    "name": "Load \"controller\" to Application",
    "start": 1564070695515,
    "end": 1564070695792,
    "duration": 277,
    "pid": 27043,
    "index": 66
  },
  {
    "name": "Load Router",
    "start": 1564070695792,
    "end": 1564070695796,
    "duration": 4,
    "pid": 27043,
    "index": 67
  },
  {
    "name": "Require(49) app/router.js",
    "start": 1564070695792,
    "end": 1564070695793,
    "duration": 1,
    "pid": 27043,
    "index": 68
  },
  {
    "name": "Before Start in node_modules/_egg-core@3.21.4@egg-core/lib/egg.js:330:10",
    "start": 1564070695794,
    "end": 1564070695808,
    "duration": 14,
    "pid": 27043,
    "index": 69
  }
]