[
  {
    "name": null,
    "methods": [
      "HEAD",
      "GET"
    ],
    "paramNames": [],
    "path": "/user",
    "regexp": "/^\\/user(?:\\/(?=$))?$/",
    "stack": [
      "/Users/kunlingwu/Desktop/newDemo/cnode-api/app/controller/user.js#User.info()"
    ]
  },
  {
    "name": null,
    "methods": [
      "HEAD",
      "GET"
    ],
    "paramNames": [],
    "path": "/Alldata",
    "regexp": "/^\\/Alldata(?:\\/(?=$))?$/",
    "stack": [
      "/Users/kunlingwu/Desktop/newDemo/cnode-api/app/controller/user.js#User.allData()"
    ]
  },
  {
    "name": null,
    "methods": [
      "HEAD",
      "GET"
    ],
    "paramNames": [],
    "path": "/test",
    "regexp": "/^\\/test(?:\\/(?=$))?$/",
    "stack": [
      "/Users/kunlingwu/Desktop/newDemo/cnode-api/app/controller/user.js#User.test()"
    ]
  },
  {
    "name": null,
    "methods": [
      "HEAD",
      "GET"
    ],
    "paramNames": [],
    "path": "/excel",
    "regexp": "/^\\/excel(?:\\/(?=$))?$/",
    "stack": [
      "/Users/kunlingwu/Desktop/newDemo/cnode-api/app/controller/excel.js#Excel.getExcel()"
    ]
  }
]